2025-05-06 00:41:11.1216 INFO Restaurant_SAP.App - NLog inicializado.
2025-05-06 00:41:11.3602 INFO Restaurant_SAP.App - No se encontró idioma guardado. Se usará el idioma por defecto (es-ES).
2025-05-06 00:41:12.0214 TRACE Restaurant_SAP.ViewModels.MesasViewModel - Constructor MesasViewModel llamado.
2025-05-06 00:41:12.0214 DEBUG Restaurant_SAP.ViewModels.MesasViewModel - La colección de mesas ha sido actualizada. Nuevo conteo: 0
2025-05-06 00:41:12.0214 DEBUG Restaurant_SAP.ViewModels.MesasViewModel - La colección de mesas ha cambiado. Acción: Reset.
2025-05-06 00:41:12.0214 TRACE Restaurant_SAP.ViewModels.MesasViewModel - Cargando mesas desde la base de datos...
2025-05-06 00:41:15.5049 DEBUG Restaurant_SAP.ViewModels.MesasViewModel - La colección de mesas ha cambiado. Acción: Add.
2025-05-06 00:41:15.5049 DEBUG Restaurant_SAP.ViewModels.MesasViewModel - La colección de mesas ha cambiado. Acción: Add.
2025-05-06 00:41:15.5049 DEBUG Restaurant_SAP.ViewModels.MesasViewModel - La colección de mesas ha cambiado. Acción: Add.
2025-05-06 00:41:15.5049 DEBUG Restaurant_SAP.ViewModels.MesasViewModel - La colección de mesas ha cambiado. Acción: Add.
2025-05-06 00:41:15.5049 DEBUG Restaurant_SAP.ViewModels.MesasViewModel - La colección de mesas ha cambiado. Acción: Add.
2025-05-06 00:41:15.5049 INFO Restaurant_SAP.ViewModels.MesasViewModel - Se cargaron 5 mesas desde la base de datos.
2025-05-06 00:41:15.5049 TRACE Restaurant_SAP.ViewModels.MesasViewModel - Método IniciarTimer llamado.
2025-05-06 00:41:15.5049 INFO Restaurant_SAP.ViewModels.MesasViewModel - Timer para verificar reservas iniciado con intervalo de 1 minuto.
2025-05-06 00:41:15.5049 DEBUG Restaurant_SAP.ViewModels.MesasViewModel - MesasViewModel inicializado con contexto: Restaurant_SAP.DB.RestauranteContext.
2025-05-06 00:41:15.5049 TRACE Restaurant_SAP.ViewModels.MenusViewModel - Constructor MenusViewModel llamado.
2025-05-06 00:41:15.5204 DEBUG Restaurant_SAP.ViewModels.MenusViewModel - La colección de menús ha sido actualizada. Nuevo conteo: 0
2025-05-06 00:41:15.5204 DEBUG Restaurant_SAP.ViewModels.MenusViewModel - La colección de menús ha cambiado. Acción: Reset.
2025-05-06 00:41:15.5204 TRACE Restaurant_SAP.ViewModels.MenusViewModel - Cargando menús desde la base de datos...
2025-05-06 00:41:15.5827 DEBUG Restaurant_SAP.ViewModels.MenusViewModel - La colección de menús ha cambiado. Acción: Add.
2025-05-06 00:41:15.5827 DEBUG Restaurant_SAP.ViewModels.MenusViewModel - La colección de menús ha cambiado. Acción: Add.
2025-05-06 00:41:15.5827 DEBUG Restaurant_SAP.ViewModels.MenusViewModel - La colección de menús ha cambiado. Acción: Add.
2025-05-06 00:41:15.5827 DEBUG Restaurant_SAP.ViewModels.MenusViewModel - La colección de menús ha cambiado. Acción: Add.
2025-05-06 00:41:15.5827 INFO Restaurant_SAP.ViewModels.MenusViewModel - Se cargaron 4 menús desde la base de datos.
2025-05-06 00:41:15.5827 DEBUG Restaurant_SAP.ViewModels.MenusViewModel - MenusViewModel inicializado con contexto: Restaurant_SAP.DB.RestauranteContext.
2025-05-06 00:41:15.5827 TRACE Restaurant_SAP.ViewModels.MapaMesasViewModel - Constructor MapaMesasViewModel llamado.
2025-05-06 00:41:15.5827 DEBUG Restaurant_SAP.ViewModels.MapaMesasViewModel - Colección de mesas para el mapa actualizada. Nuevo conteo: 5.
2025-05-06 00:41:15.5827 DEBUG Restaurant_SAP.ViewModels.MapaMesasViewModel - Cantidad de mesas en el mapa: 5.
2025-05-06 00:41:15.5827 DEBUG Restaurant_SAP.ViewModels.MapaMesasViewModel - Suscrito al evento PropertyChanged de MesasViewModel.
2025-05-06 00:41:15.5827 TRACE Restaurant_SAP.ViewModels.ReservasViewModel - Constructor ReservasViewModel llamado.
2025-05-06 00:41:15.5827 DEBUG Restaurant_SAP.ViewModels.ReservasViewModel - Reserva en edición cambiada. Nueva reserva: 0
2025-05-06 00:41:15.5985 DEBUG Restaurant_SAP.ViewModels.ReservasViewModel - Reservas actualizadas. Nuevo conteo: 0
2025-05-06 00:41:15.5985 DEBUG Restaurant_SAP.ViewModels.ReservasViewModel - ReservasViewModel inicializado con contexto: Restaurant_SAP.DB.RestauranteContext, MesasViewModel: Restaurant_SAP.ViewModels.MesasViewModel.
2025-05-06 00:41:15.5985 TRACE Restaurant_SAP.ViewModels.ConfiguracionViewModel - Constructor ConfiguracionViewModel llamado.
2025-05-06 00:41:15.5985 DEBUG Restaurant_SAP.ViewModels.ConfiguracionViewModel - Idioma guardado al inicio: ''.
2025-05-06 00:41:15.5985 INFO Restaurant_SAP.ViewModels.ConfiguracionViewModel - Idioma seleccionado al inicio: ''.
2025-05-06 00:41:15.5985 TRACE Restaurant_SAP.ViewModels.HistorialEconomicoViewModel - Constructor HistorialEconomicoViewModel llamado.
2025-05-06 00:41:15.6129 DEBUG Restaurant_SAP.ViewModels.HistorialEconomicoViewModel - Colección de pedidos para el historial actualizada. Nuevo conteo: 0.
2025-05-06 00:41:15.6129 DEBUG Restaurant_SAP.ViewModels.HistorialEconomicoViewModel - Colección de menús cargada para el filtro. Conteo: 0.
2025-05-06 00:41:15.6129 DEBUG Restaurant_SAP.ViewModels.HistorialEconomicoViewModel - Colección de mesas cargada para el filtro. Conteo: 0.
2025-05-06 00:41:15.6129 TRACE Restaurant_SAP.ViewModels.HistorialEconomicoViewModel - Cargando menús y mesas para los filtros.
2025-05-06 00:41:15.6129 INFO Restaurant_SAP.ViewModels.HistorialEconomicoViewModel - Se cargaron 4 menús para el filtro.
2025-05-06 00:41:15.6129 INFO Restaurant_SAP.ViewModels.HistorialEconomicoViewModel - Se cargaron 5 mesas para el filtro.
2025-05-06 00:41:15.6129 DEBUG Restaurant_SAP.ViewModels.HistorialEconomicoViewModel - Total económico actualizado: 0.
2025-05-06 00:41:15.6129 DEBUG Restaurant_SAP.ViewModels.HistorialEconomicoViewModel - Pedidos y total inicializados/limpiados.
2025-05-06 00:41:15.6129 DEBUG Restaurant_SAP.ViewModels.HistorialEconomicoViewModel - Mesa seleccionada para el filtro: Todos.
2025-05-06 00:41:15.6129 DEBUG Restaurant_SAP.ViewModels.HistorialEconomicoViewModel - Menú seleccionado para el filtro: Todos.
2025-05-06 00:41:15.6298 DEBUG Restaurant_SAP.ViewModels.HistorialEconomicoViewModel - Filtros de mesa y menú establecidos en 'Todos' inicialmente.
2025-05-06 00:41:15.6298 TRACE Restaurant_SAP.ViewModels.HistorialEconomicoViewModel - Carga de menús y mesas completada.
2025-05-06 00:41:15.6298 DEBUG Restaurant_SAP.ViewModels.HistorialEconomicoViewModel - HistorialEconomicoViewModel inicializado con contexto: Restaurant_SAP.DB.RestauranteContext.
2025-05-06 00:41:16.6383 TRACE Restaurant_SAP.ViewModels.MesasViewModel - CanGuardarCambios llamado. Retornando: False.
2025-05-06 00:41:16.6383 TRACE Restaurant_SAP.ViewModels.MesasViewModel - CanEliminarMesa llamado. Retornando: False.
2025-05-06 00:41:16.6474 TRACE Restaurant_SAP.ViewModels.MesasViewModel - CanAgregarMesa llamado. Retornando: true.
2025-05-06 00:41:16.6474 TRACE Restaurant_SAP.ViewModels.ReservasViewModel - CanAgregarReserva llamado. Retornando: true.
2025-05-06 00:41:16.6474 TRACE Restaurant_SAP.ViewModels.ReservasViewModel - CanGuardarCambiosReserva llamado. Retornando: True.
2025-05-06 00:41:16.6474 TRACE Restaurant_SAP.ViewModels.ReservasViewModel - CanEliminarReserva llamado. Retornando: True.
2025-05-06 00:41:16.6474 TRACE Restaurant_SAP.ViewModels.MenusViewModel - CanGuardarCambios llamado. Retornando: False.
2025-05-06 00:41:16.6474 TRACE Restaurant_SAP.ViewModels.MenusViewModel - CanEliminarMenu llamado. Retornando: False.
2025-05-06 00:41:16.6625 TRACE Restaurant_SAP.ViewModels.MenusViewModel - CanAgregarMenu llamado. Retornando: true.
2025-05-06 15:04:39.7544 INFO Restaurant_SAP.App - NLog inicializado.
2025-05-06 15:04:39.9470 INFO Restaurant_SAP.App - No se encontró idioma guardado. Se usará el idioma por defecto (es-ES).
2025-05-06 15:04:40.7631 TRACE Restaurant_SAP.ViewModels.MesasViewModel - Constructor MesasViewModel llamado.
2025-05-06 15:04:40.7631 DEBUG Restaurant_SAP.ViewModels.MesasViewModel - La colección de mesas ha sido actualizada. Nuevo conteo: 0
2025-05-06 15:04:40.7712 DEBUG Restaurant_SAP.ViewModels.MesasViewModel - La colección de mesas ha cambiado. Acción: Reset.
2025-05-06 15:04:40.7712 TRACE Restaurant_SAP.ViewModels.MesasViewModel - Cargando mesas desde la base de datos...
2025-05-06 15:04:44.5051 DEBUG Restaurant_SAP.ViewModels.MesasViewModel - La colección de mesas ha cambiado. Acción: Add.
2025-05-06 15:04:44.5051 DEBUG Restaurant_SAP.ViewModels.MesasViewModel - La colección de mesas ha cambiado. Acción: Add.
2025-05-06 15:04:44.5051 DEBUG Restaurant_SAP.ViewModels.MesasViewModel - La colección de mesas ha cambiado. Acción: Add.
2025-05-06 15:04:44.5051 DEBUG Restaurant_SAP.ViewModels.MesasViewModel - La colección de mesas ha cambiado. Acción: Add.
2025-05-06 15:04:44.5051 DEBUG Restaurant_SAP.ViewModels.MesasViewModel - La colección de mesas ha cambiado. Acción: Add.
2025-05-06 15:04:44.5051 INFO Restaurant_SAP.ViewModels.MesasViewModel - Se cargaron 5 mesas desde la base de datos.
2025-05-06 15:04:44.5051 TRACE Restaurant_SAP.ViewModels.MesasViewModel - Método IniciarTimer llamado.
2025-05-06 15:04:44.5051 INFO Restaurant_SAP.ViewModels.MesasViewModel - Timer para verificar reservas iniciado con intervalo de 1 minuto.
2025-05-06 15:04:44.5051 DEBUG Restaurant_SAP.ViewModels.MesasViewModel - MesasViewModel inicializado con contexto: Restaurant_SAP.DB.RestauranteContext.
2025-05-06 15:04:44.5051 TRACE Restaurant_SAP.ViewModels.MenusViewModel - Constructor MenusViewModel llamado.
2025-05-06 15:04:44.5051 DEBUG Restaurant_SAP.ViewModels.MenusViewModel - La colección de menús ha sido actualizada. Nuevo conteo: 0
2025-05-06 15:04:44.5051 DEBUG Restaurant_SAP.ViewModels.MenusViewModel - La colección de menús ha cambiado. Acción: Reset.
2025-05-06 15:04:44.5051 TRACE Restaurant_SAP.ViewModels.MenusViewModel - Cargando menús desde la base de datos...
2025-05-06 15:04:44.5619 DEBUG Restaurant_SAP.ViewModels.MenusViewModel - La colección de menús ha cambiado. Acción: Add.
2025-05-06 15:04:44.5619 DEBUG Restaurant_SAP.ViewModels.MenusViewModel - La colección de menús ha cambiado. Acción: Add.
2025-05-06 15:04:44.5619 DEBUG Restaurant_SAP.ViewModels.MenusViewModel - La colección de menús ha cambiado. Acción: Add.
2025-05-06 15:04:44.5619 DEBUG Restaurant_SAP.ViewModels.MenusViewModel - La colección de menús ha cambiado. Acción: Add.
2025-05-06 15:04:44.5619 INFO Restaurant_SAP.ViewModels.MenusViewModel - Se cargaron 4 menús desde la base de datos.
2025-05-06 15:04:44.5619 DEBUG Restaurant_SAP.ViewModels.MenusViewModel - MenusViewModel inicializado con contexto: Restaurant_SAP.DB.RestauranteContext.
2025-05-06 15:04:44.5677 TRACE Restaurant_SAP.ViewModels.MapaMesasViewModel - Constructor MapaMesasViewModel llamado.
2025-05-06 15:04:44.5677 DEBUG Restaurant_SAP.ViewModels.MapaMesasViewModel - Colección de mesas para el mapa actualizada. Nuevo conteo: 5.
2025-05-06 15:04:44.5677 DEBUG Restaurant_SAP.ViewModels.MapaMesasViewModel - Cantidad de mesas en el mapa: 5.
2025-05-06 15:04:44.5677 DEBUG Restaurant_SAP.ViewModels.MapaMesasViewModel - Suscrito al evento PropertyChanged de MesasViewModel.
2025-05-06 15:04:44.5677 TRACE Restaurant_SAP.ViewModels.ReservasViewModel - Constructor ReservasViewModel llamado.
2025-05-06 15:04:44.5677 DEBUG Restaurant_SAP.ViewModels.ReservasViewModel - Reserva en edición cambiada. Nueva reserva: 0
2025-05-06 15:04:44.5677 DEBUG Restaurant_SAP.ViewModels.ReservasViewModel - Reservas actualizadas. Nuevo conteo: 0
2025-05-06 15:04:44.5677 DEBUG Restaurant_SAP.ViewModels.ReservasViewModel - ReservasViewModel inicializado con contexto: Restaurant_SAP.DB.RestauranteContext, MesasViewModel: Restaurant_SAP.ViewModels.MesasViewModel.
2025-05-06 15:04:44.5677 TRACE Restaurant_SAP.ViewModels.ConfiguracionViewModel - Constructor ConfiguracionViewModel llamado.
2025-05-06 15:04:44.5677 DEBUG Restaurant_SAP.ViewModels.ConfiguracionViewModel - Idioma guardado al inicio: ''.
2025-05-06 15:04:44.5677 INFO Restaurant_SAP.ViewModels.ConfiguracionViewModel - Idioma seleccionado al inicio: ''.
2025-05-06 15:04:44.5837 TRACE Restaurant_SAP.ViewModels.HistorialEconomicoViewModel - Constructor HistorialEconomicoViewModel llamado.
2025-05-06 15:04:44.5837 DEBUG Restaurant_SAP.ViewModels.HistorialEconomicoViewModel - Colección de pedidos para el historial actualizada. Nuevo conteo: 0.
2025-05-06 15:04:44.5837 DEBUG Restaurant_SAP.ViewModels.HistorialEconomicoViewModel - Colección de menús cargada para el filtro. Conteo: 0.
2025-05-06 15:04:44.5837 DEBUG Restaurant_SAP.ViewModels.HistorialEconomicoViewModel - Colección de mesas cargada para el filtro. Conteo: 0.
2025-05-06 15:04:44.5837 TRACE Restaurant_SAP.ViewModels.HistorialEconomicoViewModel - Cargando menús y mesas para los filtros.
2025-05-06 15:04:44.5837 INFO Restaurant_SAP.ViewModels.HistorialEconomicoViewModel - Se cargaron 4 menús para el filtro.
2025-05-06 15:04:44.5837 INFO Restaurant_SAP.ViewModels.HistorialEconomicoViewModel - Se cargaron 5 mesas para el filtro.
2025-05-06 15:04:44.5837 DEBUG Restaurant_SAP.ViewModels.HistorialEconomicoViewModel - Total económico actualizado: 0.
2025-05-06 15:04:44.5837 DEBUG Restaurant_SAP.ViewModels.HistorialEconomicoViewModel - Pedidos y total inicializados/limpiados.
2025-05-06 15:04:44.5837 DEBUG Restaurant_SAP.ViewModels.HistorialEconomicoViewModel - Mesa seleccionada para el filtro: Todos.
2025-05-06 15:04:44.5837 DEBUG Restaurant_SAP.ViewModels.HistorialEconomicoViewModel - Menú seleccionado para el filtro: Todos.
2025-05-06 15:04:44.5837 DEBUG Restaurant_SAP.ViewModels.HistorialEconomicoViewModel - Filtros de mesa y menú establecidos en 'Todos' inicialmente.
2025-05-06 15:04:44.5837 TRACE Restaurant_SAP.ViewModels.HistorialEconomicoViewModel - Carga de menús y mesas completada.
2025-05-06 15:04:44.5837 DEBUG Restaurant_SAP.ViewModels.HistorialEconomicoViewModel - HistorialEconomicoViewModel inicializado con contexto: Restaurant_SAP.DB.RestauranteContext.
2025-05-06 15:04:45.6763 TRACE Restaurant_SAP.ViewModels.MesasViewModel - CanGuardarCambios llamado. Retornando: False.
2025-05-06 15:04:45.6763 TRACE Restaurant_SAP.ViewModels.MesasViewModel - CanEliminarMesa llamado. Retornando: False.
2025-05-06 15:04:45.6763 TRACE Restaurant_SAP.ViewModels.MesasViewModel - CanAgregarMesa llamado. Retornando: true.
2025-05-06 15:04:45.6930 TRACE Restaurant_SAP.ViewModels.ReservasViewModel - CanAgregarReserva llamado. Retornando: true.
2025-05-06 15:04:45.6930 TRACE Restaurant_SAP.ViewModels.ReservasViewModel - CanGuardarCambiosReserva llamado. Retornando: True.
2025-05-06 15:04:45.6930 TRACE Restaurant_SAP.ViewModels.ReservasViewModel - CanEliminarReserva llamado. Retornando: True.
2025-05-06 15:04:45.6930 TRACE Restaurant_SAP.ViewModels.MenusViewModel - CanGuardarCambios llamado. Retornando: False.
2025-05-06 15:04:45.6930 TRACE Restaurant_SAP.ViewModels.MenusViewModel - CanEliminarMenu llamado. Retornando: False.
2025-05-06 15:04:45.6930 TRACE Restaurant_SAP.ViewModels.MenusViewModel - CanAgregarMenu llamado. Retornando: true.
2025-05-06 15:05:09.9259 TRACE Restaurant_SAP.ViewModels.HistorialEconomicoViewModel - Cargando menús y mesas para los filtros.
2025-05-06 15:05:09.9259 DEBUG Restaurant_SAP.ViewModels.HistorialEconomicoViewModel - Menú seleccionado para el filtro: Todos.
2025-05-06 15:05:09.9259 INFO Restaurant_SAP.ViewModels.HistorialEconomicoViewModel - Se cargaron 4 menús para el filtro.
2025-05-06 15:05:09.9259 DEBUG Restaurant_SAP.ViewModels.HistorialEconomicoViewModel - Mesa seleccionada para el filtro: Todos.
2025-05-06 15:05:09.9259 INFO Restaurant_SAP.ViewModels.HistorialEconomicoViewModel - Se cargaron 5 mesas para el filtro.
2025-05-06 15:05:09.9259 DEBUG Restaurant_SAP.ViewModels.HistorialEconomicoViewModel - Total económico actualizado: 0.
2025-05-06 15:05:09.9259 DEBUG Restaurant_SAP.ViewModels.HistorialEconomicoViewModel - Pedidos y total inicializados/limpiados.
2025-05-06 15:05:09.9259 DEBUG Restaurant_SAP.ViewModels.HistorialEconomicoViewModel - Mesa seleccionada para el filtro: Todos.
2025-05-06 15:05:09.9416 DEBUG Restaurant_SAP.ViewModels.HistorialEconomicoViewModel - Menú seleccionado para el filtro: Todos.
2025-05-06 15:05:09.9416 DEBUG Restaurant_SAP.ViewModels.HistorialEconomicoViewModel - Filtros de mesa y menú establecidos en 'Todos' inicialmente.
2025-05-06 15:05:09.9416 TRACE Restaurant_SAP.ViewModels.HistorialEconomicoViewModel - Carga de menús y mesas completada.
2025-05-06 15:05:12.4412 DEBUG Restaurant_SAP.ViewModels.MesasViewModel - Mesa seleccionada cambiada. Nueva mesa: 1
2025-05-06 15:05:12.4412 TRACE Restaurant_SAP.ViewModels.MesasViewModel - CanEliminarMesa llamado. Retornando: True.
2025-05-06 15:05:12.4785 DEBUG Restaurant_SAP.ViewModels.MesasViewModel - Mesa en edición cambiada. Nueva mesa en edición: 1
2025-05-06 15:05:12.4785 TRACE Restaurant_SAP.ViewModels.MesasViewModel - CanGuardarCambios llamado. Retornando: True.
2025-05-06 15:05:12.4785 DEBUG Restaurant_SAP.ViewModels.MesasViewModel - Iniciando edición de la mesa ID: 1.
2025-05-06 15:05:15.3738 DEBUG Restaurant_SAP.ViewModels.MesasViewModel - Mesa seleccionada cambiada. Nueva mesa: 21
2025-05-06 15:05:15.3738 TRACE Restaurant_SAP.ViewModels.MesasViewModel - CanEliminarMesa llamado. Retornando: True.
2025-05-06 15:05:15.3738 DEBUG Restaurant_SAP.ViewModels.MesasViewModel - Mesa en edición cambiada. Nueva mesa en edición: 21
2025-05-06 15:05:15.3738 TRACE Restaurant_SAP.ViewModels.MesasViewModel - CanGuardarCambios llamado. Retornando: True.
2025-05-06 15:05:15.3738 DEBUG Restaurant_SAP.ViewModels.MesasViewModel - Iniciando edición de la mesa ID: 21.
2025-05-06 15:05:23.0122 TRACE Restaurant_SAP.ViewModels.MesasViewModel - CanGuardarCambios llamado. Retornando: True.
2025-05-06 15:05:23.0122 TRACE Restaurant_SAP.ViewModels.MesasViewModel - Método GuardarCambios llamado.
2025-05-06 15:05:23.0122 DEBUG Restaurant_SAP.ViewModels.MesasViewModel - Guardando cambios en la mesa ID: 21. Número anterior: 2, Nuevo número: 2. Descripción anterior: Mesa 2, Nueva descripción: Mesa 2. Estado anterior: Libre, Nuevo estado: Libre.
2025-05-06 15:05:23.1707 INFO Restaurant_SAP.ViewModels.MesasViewModel - Cambios guardados en la mesa ID: 21.
2025-05-06 15:05:23.1707 DEBUG Restaurant_SAP.ViewModels.MapaMesasViewModel - La propiedad Mesas ha cambiado en MesasViewModel. Notificando cambios.
2025-05-06 15:05:23.1707 DEBUG Restaurant_SAP.ViewModels.MesasViewModel - La colección de mesas ha cambiado. Acción: Reset.
2025-05-06 15:05:23.1707 DEBUG Restaurant_SAP.ViewModels.MapaMesasViewModel - La colección de mesas del mapa ha cambiado. Acción: Reset.
2025-05-06 15:05:23.1707 DEBUG Restaurant_SAP.ViewModels.ReservasViewModel - La colección de mesas ha cambiado. Acción: Reset.
2025-05-06 15:05:23.1760 DEBUG Restaurant_SAP.ViewModels.MesasViewModel - Mesa seleccionada cambiada. Nueva mesa: 
2025-05-06 15:05:23.1760 TRACE Restaurant_SAP.ViewModels.MesasViewModel - CanEliminarMesa llamado. Retornando: False.
2025-05-06 15:05:23.1760 DEBUG Restaurant_SAP.ViewModels.MesasViewModel - Mesa en edición cambiada. Nueva mesa en edición: 
2025-05-06 15:05:23.1760 TRACE Restaurant_SAP.ViewModels.MesasViewModel - CanGuardarCambios llamado. Retornando: False.
2025-05-06 15:05:23.1760 DEBUG Restaurant_SAP.ViewModels.MesasViewModel - Edición de mesa cancelada o no se seleccionó ninguna mesa.
2025-05-06 15:05:23.1760 TRACE Restaurant_SAP.ViewModels.MesasViewModel - Cargando mesas desde la base de datos...
2025-05-06 15:05:23.1760 DEBUG Restaurant_SAP.ViewModels.MapaMesasViewModel - La propiedad Mesas ha cambiado en MesasViewModel. Notificando cambios.
2025-05-06 15:05:23.1760 DEBUG Restaurant_SAP.ViewModels.MesasViewModel - La colección de mesas ha cambiado. Acción: Add.
2025-05-06 15:05:23.1760 DEBUG Restaurant_SAP.ViewModels.MapaMesasViewModel - La colección de mesas del mapa ha cambiado. Acción: Add.
2025-05-06 15:05:23.1760 DEBUG Restaurant_SAP.ViewModels.ReservasViewModel - La colección de mesas ha cambiado. Acción: Add.
2025-05-06 15:05:23.1760 DEBUG Restaurant_SAP.ViewModels.MapaMesasViewModel - La propiedad Mesas ha cambiado en MesasViewModel. Notificando cambios.
2025-05-06 15:05:23.1760 DEBUG Restaurant_SAP.ViewModels.MesasViewModel - La colección de mesas ha cambiado. Acción: Add.
2025-05-06 15:05:23.1760 DEBUG Restaurant_SAP.ViewModels.MapaMesasViewModel - La colección de mesas del mapa ha cambiado. Acción: Add.
2025-05-06 15:05:23.1760 DEBUG Restaurant_SAP.ViewModels.ReservasViewModel - La colección de mesas ha cambiado. Acción: Add.
2025-05-06 15:05:23.1760 DEBUG Restaurant_SAP.ViewModels.MapaMesasViewModel - La propiedad Mesas ha cambiado en MesasViewModel. Notificando cambios.
2025-05-06 15:05:23.1760 DEBUG Restaurant_SAP.ViewModels.MesasViewModel - La colección de mesas ha cambiado. Acción: Add.
2025-05-06 15:05:23.1760 DEBUG Restaurant_SAP.ViewModels.MapaMesasViewModel - La colección de mesas del mapa ha cambiado. Acción: Add.
2025-05-06 15:05:23.1760 DEBUG Restaurant_SAP.ViewModels.ReservasViewModel - La colección de mesas ha cambiado. Acción: Add.
2025-05-06 15:05:23.1760 DEBUG Restaurant_SAP.ViewModels.MapaMesasViewModel - La propiedad Mesas ha cambiado en MesasViewModel. Notificando cambios.
2025-05-06 15:05:23.1760 DEBUG Restaurant_SAP.ViewModels.MesasViewModel - La colección de mesas ha cambiado. Acción: Add.
2025-05-06 15:05:23.1760 DEBUG Restaurant_SAP.ViewModels.MapaMesasViewModel - La colección de mesas del mapa ha cambiado. Acción: Add.
2025-05-06 15:05:23.1907 DEBUG Restaurant_SAP.ViewModels.ReservasViewModel - La colección de mesas ha cambiado. Acción: Add.
2025-05-06 15:05:23.1907 DEBUG Restaurant_SAP.ViewModels.MapaMesasViewModel - La propiedad Mesas ha cambiado en MesasViewModel. Notificando cambios.
2025-05-06 15:05:23.1907 DEBUG Restaurant_SAP.ViewModels.MesasViewModel - La colección de mesas ha cambiado. Acción: Add.
2025-05-06 15:05:23.1907 DEBUG Restaurant_SAP.ViewModels.MapaMesasViewModel - La colección de mesas del mapa ha cambiado. Acción: Add.
2025-05-06 15:05:23.1907 DEBUG Restaurant_SAP.ViewModels.ReservasViewModel - La colección de mesas ha cambiado. Acción: Add.
2025-05-06 15:05:23.1907 INFO Restaurant_SAP.ViewModels.MesasViewModel - Se cargaron 5 mesas desde la base de datos.
2025-05-06 15:05:23.1907 DEBUG Restaurant_SAP.ViewModels.MesasViewModel - Mesa seleccionada cambiada. Nueva mesa: 
2025-05-06 15:05:23.1907 TRACE Restaurant_SAP.ViewModels.MesasViewModel - CanEliminarMesa llamado. Retornando: False.
2025-05-06 15:05:23.1907 DEBUG Restaurant_SAP.ViewModels.MesasViewModel - Mesa en edición cambiada. Nueva mesa en edición: 
2025-05-06 15:05:23.1907 TRACE Restaurant_SAP.ViewModels.MesasViewModel - CanGuardarCambios llamado. Retornando: False.
2025-05-06 15:05:23.1907 DEBUG Restaurant_SAP.ViewModels.MesasViewModel - Edición de mesa cancelada o no se seleccionó ninguna mesa.
2025-05-06 15:05:23.1907 DEBUG Restaurant_SAP.ViewModels.MesasViewModel - Mesa en edición cambiada. Nueva mesa en edición: 
2025-05-06 15:05:23.1907 TRACE Restaurant_SAP.ViewModels.MesasViewModel - CanGuardarCambios llamado. Retornando: False.
2025-05-06 15:05:23.1907 DEBUG Restaurant_SAP.ViewModels.MesasViewModel - Edición completada. Selección y mesa en edición restablecidas.
2025-05-06 15:05:23.1907 TRACE Restaurant_SAP.ViewModels.MesasViewModel - Método GuardarCambios completado.
2025-05-06 15:05:27.4476 DEBUG Restaurant_SAP.ViewModels.MesasViewModel - Mesa seleccionada cambiada. Nueva mesa: 24
2025-05-06 15:05:27.4476 TRACE Restaurant_SAP.ViewModels.MesasViewModel - CanEliminarMesa llamado. Retornando: True.
2025-05-06 15:05:27.4476 DEBUG Restaurant_SAP.ViewModels.MesasViewModel - Mesa en edición cambiada. Nueva mesa en edición: 24
2025-05-06 15:05:27.4476 TRACE Restaurant_SAP.ViewModels.MesasViewModel - CanGuardarCambios llamado. Retornando: True.
2025-05-06 15:05:27.4476 DEBUG Restaurant_SAP.ViewModels.MesasViewModel - Iniciando edición de la mesa ID: 24.
2025-05-06 15:05:32.6902 TRACE Restaurant_SAP.ViewModels.MesasViewModel - CanGuardarCambios llamado. Retornando: True.
2025-05-06 15:05:32.6902 TRACE Restaurant_SAP.ViewModels.MesasViewModel - Método GuardarCambios llamado.
2025-05-06 15:05:32.6917 DEBUG Restaurant_SAP.ViewModels.MesasViewModel - Guardando cambios en la mesa ID: 24. Número anterior: 4, Nuevo número: 4. Descripción anterior: Mesa 4, Nueva descripción: Mesa 4. Estado anterior: Libre, Nuevo estado: Libre.
2025-05-06 15:05:32.6917 INFO Restaurant_SAP.ViewModels.MesasViewModel - Cambios guardados en la mesa ID: 24.
2025-05-06 15:05:32.6917 DEBUG Restaurant_SAP.ViewModels.MapaMesasViewModel - La propiedad Mesas ha cambiado en MesasViewModel. Notificando cambios.
2025-05-06 15:05:32.6917 DEBUG Restaurant_SAP.ViewModels.MesasViewModel - La colección de mesas ha cambiado. Acción: Reset.
2025-05-06 15:05:32.6917 DEBUG Restaurant_SAP.ViewModels.MapaMesasViewModel - La colección de mesas del mapa ha cambiado. Acción: Reset.
2025-05-06 15:05:32.7081 DEBUG Restaurant_SAP.ViewModels.ReservasViewModel - La colección de mesas ha cambiado. Acción: Reset.
2025-05-06 15:05:32.7081 DEBUG Restaurant_SAP.ViewModels.MesasViewModel - Mesa seleccionada cambiada. Nueva mesa: 
2025-05-06 15:05:32.7081 TRACE Restaurant_SAP.ViewModels.MesasViewModel - CanEliminarMesa llamado. Retornando: False.
2025-05-06 15:05:32.7081 DEBUG Restaurant_SAP.ViewModels.MesasViewModel - Mesa en edición cambiada. Nueva mesa en edición: 
2025-05-06 15:05:32.7081 TRACE Restaurant_SAP.ViewModels.MesasViewModel - CanGuardarCambios llamado. Retornando: False.
2025-05-06 15:05:32.7081 DEBUG Restaurant_SAP.ViewModels.MesasViewModel - Edición de mesa cancelada o no se seleccionó ninguna mesa.
2025-05-06 15:05:32.7081 TRACE Restaurant_SAP.ViewModels.MesasViewModel - Cargando mesas desde la base de datos...
2025-05-06 15:05:32.7081 DEBUG Restaurant_SAP.ViewModels.MapaMesasViewModel - La propiedad Mesas ha cambiado en MesasViewModel. Notificando cambios.
2025-05-06 15:05:32.7081 DEBUG Restaurant_SAP.ViewModels.MesasViewModel - La colección de mesas ha cambiado. Acción: Add.
2025-05-06 15:05:32.7081 DEBUG Restaurant_SAP.ViewModels.MapaMesasViewModel - La colección de mesas del mapa ha cambiado. Acción: Add.
2025-05-06 15:05:32.7229 DEBUG Restaurant_SAP.ViewModels.ReservasViewModel - La colección de mesas ha cambiado. Acción: Add.
2025-05-06 15:05:32.7229 DEBUG Restaurant_SAP.ViewModels.MapaMesasViewModel - La propiedad Mesas ha cambiado en MesasViewModel. Notificando cambios.
2025-05-06 15:05:32.7229 DEBUG Restaurant_SAP.ViewModels.MesasViewModel - La colección de mesas ha cambiado. Acción: Add.
2025-05-06 15:05:32.7229 DEBUG Restaurant_SAP.ViewModels.MapaMesasViewModel - La colección de mesas del mapa ha cambiado. Acción: Add.
2025-05-06 15:05:32.7229 DEBUG Restaurant_SAP.ViewModels.ReservasViewModel - La colección de mesas ha cambiado. Acción: Add.
2025-05-06 15:05:32.7229 DEBUG Restaurant_SAP.ViewModels.MapaMesasViewModel - La propiedad Mesas ha cambiado en MesasViewModel. Notificando cambios.
2025-05-06 15:05:32.7229 DEBUG Restaurant_SAP.ViewModels.MesasViewModel - La colección de mesas ha cambiado. Acción: Add.
2025-05-06 15:05:32.7229 DEBUG Restaurant_SAP.ViewModels.MapaMesasViewModel - La colección de mesas del mapa ha cambiado. Acción: Add.
2025-05-06 15:05:32.7229 DEBUG Restaurant_SAP.ViewModels.ReservasViewModel - La colección de mesas ha cambiado. Acción: Add.
2025-05-06 15:05:32.7229 DEBUG Restaurant_SAP.ViewModels.MapaMesasViewModel - La propiedad Mesas ha cambiado en MesasViewModel. Notificando cambios.
2025-05-06 15:05:32.7229 DEBUG Restaurant_SAP.ViewModels.MesasViewModel - La colección de mesas ha cambiado. Acción: Add.
2025-05-06 15:05:32.7229 DEBUG Restaurant_SAP.ViewModels.MapaMesasViewModel - La colección de mesas del mapa ha cambiado. Acción: Add.
2025-05-06 15:05:32.7229 DEBUG Restaurant_SAP.ViewModels.ReservasViewModel - La colección de mesas ha cambiado. Acción: Add.
2025-05-06 15:05:32.7229 DEBUG Restaurant_SAP.ViewModels.MapaMesasViewModel - La propiedad Mesas ha cambiado en MesasViewModel. Notificando cambios.
2025-05-06 15:05:32.7229 DEBUG Restaurant_SAP.ViewModels.MesasViewModel - La colección de mesas ha cambiado. Acción: Add.
2025-05-06 15:05:32.7229 DEBUG Restaurant_SAP.ViewModels.MapaMesasViewModel - La colección de mesas del mapa ha cambiado. Acción: Add.
2025-05-06 15:05:32.7229 DEBUG Restaurant_SAP.ViewModels.ReservasViewModel - La colección de mesas ha cambiado. Acción: Add.
2025-05-06 15:05:32.7229 INFO Restaurant_SAP.ViewModels.MesasViewModel - Se cargaron 5 mesas desde la base de datos.
2025-05-06 15:05:32.7229 DEBUG Restaurant_SAP.ViewModels.MesasViewModel - Mesa seleccionada cambiada. Nueva mesa: 
2025-05-06 15:05:32.7229 TRACE Restaurant_SAP.ViewModels.MesasViewModel - CanEliminarMesa llamado. Retornando: False.
2025-05-06 15:05:32.7384 DEBUG Restaurant_SAP.ViewModels.MesasViewModel - Mesa en edición cambiada. Nueva mesa en edición: 
2025-05-06 15:05:32.7384 TRACE Restaurant_SAP.ViewModels.MesasViewModel - CanGuardarCambios llamado. Retornando: False.
2025-05-06 15:05:32.7384 DEBUG Restaurant_SAP.ViewModels.MesasViewModel - Edición de mesa cancelada o no se seleccionó ninguna mesa.
2025-05-06 15:05:32.7384 DEBUG Restaurant_SAP.ViewModels.MesasViewModel - Mesa en edición cambiada. Nueva mesa en edición: 
2025-05-06 15:05:32.7384 TRACE Restaurant_SAP.ViewModels.MesasViewModel - CanGuardarCambios llamado. Retornando: False.
2025-05-06 15:05:32.7384 DEBUG Restaurant_SAP.ViewModels.MesasViewModel - Edición completada. Selección y mesa en edición restablecidas.
2025-05-06 15:05:32.7384 TRACE Restaurant_SAP.ViewModels.MesasViewModel - Método GuardarCambios completado.
2025-05-06 15:05:34.5679 DEBUG Restaurant_SAP.ViewModels.MesasViewModel - Mesa seleccionada cambiada. Nueva mesa: 25
2025-05-06 15:05:34.5679 TRACE Restaurant_SAP.ViewModels.MesasViewModel - CanEliminarMesa llamado. Retornando: True.
2025-05-06 15:05:34.5679 DEBUG Restaurant_SAP.ViewModels.MesasViewModel - Mesa en edición cambiada. Nueva mesa en edición: 25
2025-05-06 15:05:34.5679 TRACE Restaurant_SAP.ViewModels.MesasViewModel - CanGuardarCambios llamado. Retornando: True.
2025-05-06 15:05:34.5679 DEBUG Restaurant_SAP.ViewModels.MesasViewModel - Iniciando edición de la mesa ID: 25.
2025-05-06 15:05:40.3326 TRACE Restaurant_SAP.ViewModels.MesasViewModel - CanGuardarCambios llamado. Retornando: True.
2025-05-06 15:05:40.3326 TRACE Restaurant_SAP.ViewModels.MesasViewModel - Método GuardarCambios llamado.
2025-05-06 15:05:40.3326 DEBUG Restaurant_SAP.ViewModels.MesasViewModel - Guardando cambios en la mesa ID: 25. Número anterior: 5, Nuevo número: 5. Descripción anterior: Mesa 5, Nueva descripción: Mesa 5. Estado anterior: Ocupada, Nuevo estado: Ocupada.
2025-05-06 15:05:40.3326 INFO Restaurant_SAP.ViewModels.MesasViewModel - Cambios guardados en la mesa ID: 25.
2025-05-06 15:05:40.3326 DEBUG Restaurant_SAP.ViewModels.MapaMesasViewModel - La propiedad Mesas ha cambiado en MesasViewModel. Notificando cambios.
2025-05-06 15:05:40.3326 DEBUG Restaurant_SAP.ViewModels.MesasViewModel - La colección de mesas ha cambiado. Acción: Reset.
2025-05-06 15:05:40.3326 DEBUG Restaurant_SAP.ViewModels.MapaMesasViewModel - La colección de mesas del mapa ha cambiado. Acción: Reset.
2025-05-06 15:05:40.3326 DEBUG Restaurant_SAP.ViewModels.ReservasViewModel - La colección de mesas ha cambiado. Acción: Reset.
2025-05-06 15:05:40.3326 DEBUG Restaurant_SAP.ViewModels.MesasViewModel - Mesa seleccionada cambiada. Nueva mesa: 
2025-05-06 15:05:40.3326 TRACE Restaurant_SAP.ViewModels.MesasViewModel - CanEliminarMesa llamado. Retornando: False.
2025-05-06 15:05:40.3326 DEBUG Restaurant_SAP.ViewModels.MesasViewModel - Mesa en edición cambiada. Nueva mesa en edición: 
2025-05-06 15:05:40.3326 TRACE Restaurant_SAP.ViewModels.MesasViewModel - CanGuardarCambios llamado. Retornando: False.
2025-05-06 15:05:40.3326 DEBUG Restaurant_SAP.ViewModels.MesasViewModel - Edición de mesa cancelada o no se seleccionó ninguna mesa.
2025-05-06 15:05:40.3326 TRACE Restaurant_SAP.ViewModels.MesasViewModel - Cargando mesas desde la base de datos...
2025-05-06 15:05:40.3497 DEBUG Restaurant_SAP.ViewModels.MapaMesasViewModel - La propiedad Mesas ha cambiado en MesasViewModel. Notificando cambios.
2025-05-06 15:05:40.3497 DEBUG Restaurant_SAP.ViewModels.MesasViewModel - La colección de mesas ha cambiado. Acción: Add.
2025-05-06 15:05:40.3497 DEBUG Restaurant_SAP.ViewModels.MapaMesasViewModel - La colección de mesas del mapa ha cambiado. Acción: Add.
2025-05-06 15:05:40.3497 DEBUG Restaurant_SAP.ViewModels.ReservasViewModel - La colección de mesas ha cambiado. Acción: Add.
2025-05-06 15:05:40.3497 DEBUG Restaurant_SAP.ViewModels.MapaMesasViewModel - La propiedad Mesas ha cambiado en MesasViewModel. Notificando cambios.
2025-05-06 15:05:40.3497 DEBUG Restaurant_SAP.ViewModels.MesasViewModel - La colección de mesas ha cambiado. Acción: Add.
2025-05-06 15:05:40.3497 DEBUG Restaurant_SAP.ViewModels.MapaMesasViewModel - La colección de mesas del mapa ha cambiado. Acción: Add.
2025-05-06 15:05:40.3497 DEBUG Restaurant_SAP.ViewModels.ReservasViewModel - La colección de mesas ha cambiado. Acción: Add.
2025-05-06 15:05:40.3497 DEBUG Restaurant_SAP.ViewModels.MapaMesasViewModel - La propiedad Mesas ha cambiado en MesasViewModel. Notificando cambios.
2025-05-06 15:05:40.3497 DEBUG Restaurant_SAP.ViewModels.MesasViewModel - La colección de mesas ha cambiado. Acción: Add.
2025-05-06 15:05:40.3497 DEBUG Restaurant_SAP.ViewModels.MapaMesasViewModel - La colección de mesas del mapa ha cambiado. Acción: Add.
2025-05-06 15:05:40.3497 DEBUG Restaurant_SAP.ViewModels.ReservasViewModel - La colección de mesas ha cambiado. Acción: Add.
2025-05-06 15:05:40.3497 DEBUG Restaurant_SAP.ViewModels.MapaMesasViewModel - La propiedad Mesas ha cambiado en MesasViewModel. Notificando cambios.
2025-05-06 15:05:40.3497 DEBUG Restaurant_SAP.ViewModels.MesasViewModel - La colección de mesas ha cambiado. Acción: Add.
2025-05-06 15:05:40.3497 DEBUG Restaurant_SAP.ViewModels.MapaMesasViewModel - La colección de mesas del mapa ha cambiado. Acción: Add.
2025-05-06 15:05:40.3497 DEBUG Restaurant_SAP.ViewModels.ReservasViewModel - La colección de mesas ha cambiado. Acción: Add.
2025-05-06 15:05:40.3497 DEBUG Restaurant_SAP.ViewModels.MapaMesasViewModel - La propiedad Mesas ha cambiado en MesasViewModel. Notificando cambios.
2025-05-06 15:05:40.3497 DEBUG Restaurant_SAP.ViewModels.MesasViewModel - La colección de mesas ha cambiado. Acción: Add.
2025-05-06 15:05:40.3497 DEBUG Restaurant_SAP.ViewModels.MapaMesasViewModel - La colección de mesas del mapa ha cambiado. Acción: Add.
2025-05-06 15:05:40.3497 DEBUG Restaurant_SAP.ViewModels.ReservasViewModel - La colección de mesas ha cambiado. Acción: Add.
2025-05-06 15:05:40.3497 INFO Restaurant_SAP.ViewModels.MesasViewModel - Se cargaron 5 mesas desde la base de datos.
2025-05-06 15:05:40.3497 DEBUG Restaurant_SAP.ViewModels.MesasViewModel - Mesa seleccionada cambiada. Nueva mesa: 
2025-05-06 15:05:40.3497 TRACE Restaurant_SAP.ViewModels.MesasViewModel - CanEliminarMesa llamado. Retornando: False.
2025-05-06 15:05:40.3637 DEBUG Restaurant_SAP.ViewModels.MesasViewModel - Mesa en edición cambiada. Nueva mesa en edición: 
2025-05-06 15:05:40.3637 TRACE Restaurant_SAP.ViewModels.MesasViewModel - CanGuardarCambios llamado. Retornando: False.
2025-05-06 15:05:40.3637 DEBUG Restaurant_SAP.ViewModels.MesasViewModel - Edición de mesa cancelada o no se seleccionó ninguna mesa.
2025-05-06 15:05:40.3637 DEBUG Restaurant_SAP.ViewModels.MesasViewModel - Mesa en edición cambiada. Nueva mesa en edición: 
2025-05-06 15:05:40.3637 TRACE Restaurant_SAP.ViewModels.MesasViewModel - CanGuardarCambios llamado. Retornando: False.
2025-05-06 15:05:40.3637 DEBUG Restaurant_SAP.ViewModels.MesasViewModel - Edición completada. Selección y mesa en edición restablecidas.
2025-05-06 15:05:40.3637 TRACE Restaurant_SAP.ViewModels.MesasViewModel - Método GuardarCambios completado.
2025-05-06 15:05:44.5413 TRACE Restaurant_SAP.ViewModels.MesasViewModel - Método VerificarReservas llamado por el timer.
2025-05-06 15:05:44.5413 DEBUG Restaurant_SAP.ViewModels.MesasViewModel - Verificando el estado de las mesas para reservas próximas a las: 6/5/2025 15:05:44.
2025-05-06 15:05:44.7054 DEBUG Restaurant_SAP.ViewModels.MesasViewModel - Se encontraron 0 reservas activas.
2025-05-06 15:05:44.7054 TRACE Restaurant_SAP.ViewModels.MesasViewModel - Método VerificarReservas completado.
2025-05-06 15:05:44.9719 DEBUG Restaurant_SAP.ViewModels.MesasViewModel - Mesa seleccionada cambiada. Nueva mesa: 23
2025-05-06 15:05:44.9727 TRACE Restaurant_SAP.ViewModels.MesasViewModel - CanEliminarMesa llamado. Retornando: True.
2025-05-06 15:05:44.9727 DEBUG Restaurant_SAP.ViewModels.MesasViewModel - Mesa en edición cambiada. Nueva mesa en edición: 23
2025-05-06 15:05:44.9727 TRACE Restaurant_SAP.ViewModels.MesasViewModel - CanGuardarCambios llamado. Retornando: True.
2025-05-06 15:05:44.9727 DEBUG Restaurant_SAP.ViewModels.MesasViewModel - Iniciando edición de la mesa ID: 23.
2025-05-06 15:05:49.6601 TRACE Restaurant_SAP.ViewModels.MesasViewModel - CanGuardarCambios llamado. Retornando: True.
2025-05-06 15:05:49.6601 TRACE Restaurant_SAP.ViewModels.MesasViewModel - Método GuardarCambios llamado.
2025-05-06 15:05:49.6601 DEBUG Restaurant_SAP.ViewModels.MesasViewModel - Guardando cambios en la mesa ID: 23. Número anterior: 3, Nuevo número: 3. Descripción anterior: Mesa 3 a la derecha de la puerta principal, Nueva descripción: Mesa 3 a la derecha de la puerta principal. Estado anterior: Libre, Nuevo estado: Libre.
2025-05-06 15:05:49.6601 INFO Restaurant_SAP.ViewModels.MesasViewModel - Cambios guardados en la mesa ID: 23.
2025-05-06 15:05:49.6601 DEBUG Restaurant_SAP.ViewModels.MapaMesasViewModel - La propiedad Mesas ha cambiado en MesasViewModel. Notificando cambios.
2025-05-06 15:05:49.6601 DEBUG Restaurant_SAP.ViewModels.MesasViewModel - La colección de mesas ha cambiado. Acción: Reset.
2025-05-06 15:05:49.6601 DEBUG Restaurant_SAP.ViewModels.MapaMesasViewModel - La colección de mesas del mapa ha cambiado. Acción: Reset.
2025-05-06 15:05:49.6601 DEBUG Restaurant_SAP.ViewModels.ReservasViewModel - La colección de mesas ha cambiado. Acción: Reset.
2025-05-06 15:05:49.6601 DEBUG Restaurant_SAP.ViewModels.MesasViewModel - Mesa seleccionada cambiada. Nueva mesa: 
2025-05-06 15:05:49.6601 TRACE Restaurant_SAP.ViewModels.MesasViewModel - CanEliminarMesa llamado. Retornando: False.
2025-05-06 15:05:49.6601 DEBUG Restaurant_SAP.ViewModels.MesasViewModel - Mesa en edición cambiada. Nueva mesa en edición: 
2025-05-06 15:05:49.6761 TRACE Restaurant_SAP.ViewModels.MesasViewModel - CanGuardarCambios llamado. Retornando: False.
2025-05-06 15:05:49.6761 DEBUG Restaurant_SAP.ViewModels.MesasViewModel - Edición de mesa cancelada o no se seleccionó ninguna mesa.
2025-05-06 15:05:49.6761 TRACE Restaurant_SAP.ViewModels.MesasViewModel - Cargando mesas desde la base de datos...
2025-05-06 15:05:49.6761 DEBUG Restaurant_SAP.ViewModels.MapaMesasViewModel - La propiedad Mesas ha cambiado en MesasViewModel. Notificando cambios.
2025-05-06 15:05:49.6761 DEBUG Restaurant_SAP.ViewModels.MesasViewModel - La colección de mesas ha cambiado. Acción: Add.
2025-05-06 15:05:49.6761 DEBUG Restaurant_SAP.ViewModels.MapaMesasViewModel - La colección de mesas del mapa ha cambiado. Acción: Add.
2025-05-06 15:05:49.6761 DEBUG Restaurant_SAP.ViewModels.ReservasViewModel - La colección de mesas ha cambiado. Acción: Add.
2025-05-06 15:05:49.6761 DEBUG Restaurant_SAP.ViewModels.MapaMesasViewModel - La propiedad Mesas ha cambiado en MesasViewModel. Notificando cambios.
2025-05-06 15:05:49.6761 DEBUG Restaurant_SAP.ViewModels.MesasViewModel - La colección de mesas ha cambiado. Acción: Add.
2025-05-06 15:05:49.6761 DEBUG Restaurant_SAP.ViewModels.MapaMesasViewModel - La colección de mesas del mapa ha cambiado. Acción: Add.
2025-05-06 15:05:49.6761 DEBUG Restaurant_SAP.ViewModels.ReservasViewModel - La colección de mesas ha cambiado. Acción: Add.
2025-05-06 15:05:49.6761 DEBUG Restaurant_SAP.ViewModels.MapaMesasViewModel - La propiedad Mesas ha cambiado en MesasViewModel. Notificando cambios.
2025-05-06 15:05:49.6761 DEBUG Restaurant_SAP.ViewModels.MesasViewModel - La colección de mesas ha cambiado. Acción: Add.
2025-05-06 15:05:49.6761 DEBUG Restaurant_SAP.ViewModels.MapaMesasViewModel - La colección de mesas del mapa ha cambiado. Acción: Add.
2025-05-06 15:05:49.6761 DEBUG Restaurant_SAP.ViewModels.ReservasViewModel - La colección de mesas ha cambiado. Acción: Add.
2025-05-06 15:05:49.6761 DEBUG Restaurant_SAP.ViewModels.MapaMesasViewModel - La propiedad Mesas ha cambiado en MesasViewModel. Notificando cambios.
2025-05-06 15:05:49.6761 DEBUG Restaurant_SAP.ViewModels.MesasViewModel - La colección de mesas ha cambiado. Acción: Add.
2025-05-06 15:05:49.6761 DEBUG Restaurant_SAP.ViewModels.MapaMesasViewModel - La colección de mesas del mapa ha cambiado. Acción: Add.
2025-05-06 15:05:49.6761 DEBUG Restaurant_SAP.ViewModels.ReservasViewModel - La colección de mesas ha cambiado. Acción: Add.
2025-05-06 15:05:49.6761 DEBUG Restaurant_SAP.ViewModels.MapaMesasViewModel - La propiedad Mesas ha cambiado en MesasViewModel. Notificando cambios.
2025-05-06 15:05:49.6761 DEBUG Restaurant_SAP.ViewModels.MesasViewModel - La colección de mesas ha cambiado. Acción: Add.
2025-05-06 15:05:49.6761 DEBUG Restaurant_SAP.ViewModels.MapaMesasViewModel - La colección de mesas del mapa ha cambiado. Acción: Add.
2025-05-06 15:05:49.6761 DEBUG Restaurant_SAP.ViewModels.ReservasViewModel - La colección de mesas ha cambiado. Acción: Add.
2025-05-06 15:05:49.6916 INFO Restaurant_SAP.ViewModels.MesasViewModel - Se cargaron 5 mesas desde la base de datos.
2025-05-06 15:05:49.6916 DEBUG Restaurant_SAP.ViewModels.MesasViewModel - Mesa seleccionada cambiada. Nueva mesa: 
2025-05-06 15:05:49.6916 TRACE Restaurant_SAP.ViewModels.MesasViewModel - CanEliminarMesa llamado. Retornando: False.
2025-05-06 15:05:49.6916 DEBUG Restaurant_SAP.ViewModels.MesasViewModel - Mesa en edición cambiada. Nueva mesa en edición: 
2025-05-06 15:05:49.6916 TRACE Restaurant_SAP.ViewModels.MesasViewModel - CanGuardarCambios llamado. Retornando: False.
2025-05-06 15:05:49.6916 DEBUG Restaurant_SAP.ViewModels.MesasViewModel - Edición de mesa cancelada o no se seleccionó ninguna mesa.
2025-05-06 15:05:49.6916 DEBUG Restaurant_SAP.ViewModels.MesasViewModel - Mesa en edición cambiada. Nueva mesa en edición: 
2025-05-06 15:05:49.6916 TRACE Restaurant_SAP.ViewModels.MesasViewModel - CanGuardarCambios llamado. Retornando: False.
2025-05-06 15:05:49.6916 DEBUG Restaurant_SAP.ViewModels.MesasViewModel - Edición completada. Selección y mesa en edición restablecidas.
2025-05-06 15:05:49.6916 TRACE Restaurant_SAP.ViewModels.MesasViewModel - Método GuardarCambios completado.
2025-05-06 15:05:55.6280 DEBUG Restaurant_SAP.ViewModels.MesasViewModel - Mesa seleccionada cambiada. Nueva mesa: 23
2025-05-06 15:05:55.6289 TRACE Restaurant_SAP.ViewModels.MesasViewModel - CanEliminarMesa llamado. Retornando: True.
2025-05-06 15:05:55.6289 DEBUG Restaurant_SAP.ViewModels.MesasViewModel - Mesa en edición cambiada. Nueva mesa en edición: 23
2025-05-06 15:05:55.6289 TRACE Restaurant_SAP.ViewModels.MesasViewModel - CanGuardarCambios llamado. Retornando: True.
2025-05-06 15:05:55.6289 DEBUG Restaurant_SAP.ViewModels.MesasViewModel - Iniciando edición de la mesa ID: 23.
2025-05-06 15:05:58.2778 DEBUG Restaurant_SAP.ViewModels.MesasViewModel - Mesa seleccionada cambiada. Nueva mesa: 24
2025-05-06 15:05:58.2778 TRACE Restaurant_SAP.ViewModels.MesasViewModel - CanEliminarMesa llamado. Retornando: True.
2025-05-06 15:05:58.2778 DEBUG Restaurant_SAP.ViewModels.MesasViewModel - Mesa en edición cambiada. Nueva mesa en edición: 24
2025-05-06 15:05:58.2778 TRACE Restaurant_SAP.ViewModels.MesasViewModel - CanGuardarCambios llamado. Retornando: True.
2025-05-06 15:05:58.2778 DEBUG Restaurant_SAP.ViewModels.MesasViewModel - Iniciando edición de la mesa ID: 24.
2025-05-06 15:06:10.8652 TRACE Restaurant_SAP.ViewModels.MesasViewModel - CanGuardarCambios llamado. Retornando: True.
2025-05-06 15:06:10.8652 TRACE Restaurant_SAP.ViewModels.MesasViewModel - Método GuardarCambios llamado.
2025-05-06 15:06:10.8652 DEBUG Restaurant_SAP.ViewModels.MesasViewModel - Guardando cambios en la mesa ID: 24. Número anterior: 4, Nuevo número: 4. Descripción anterior: Mesa 4, Nueva descripción: Mesa 4. Estado anterior: Libre, Nuevo estado: Libre.
2025-05-06 15:06:10.8652 INFO Restaurant_SAP.ViewModels.MesasViewModel - Cambios guardados en la mesa ID: 24.
2025-05-06 15:06:10.8652 DEBUG Restaurant_SAP.ViewModels.MapaMesasViewModel - La propiedad Mesas ha cambiado en MesasViewModel. Notificando cambios.
2025-05-06 15:06:10.8652 DEBUG Restaurant_SAP.ViewModels.MesasViewModel - La colección de mesas ha cambiado. Acción: Reset.
2025-05-06 15:06:10.8652 DEBUG Restaurant_SAP.ViewModels.MapaMesasViewModel - La colección de mesas del mapa ha cambiado. Acción: Reset.
2025-05-06 15:06:10.8652 DEBUG Restaurant_SAP.ViewModels.ReservasViewModel - La colección de mesas ha cambiado. Acción: Reset.
2025-05-06 15:06:10.8652 DEBUG Restaurant_SAP.ViewModels.MesasViewModel - Mesa seleccionada cambiada. Nueva mesa: 
2025-05-06 15:06:10.8652 TRACE Restaurant_SAP.ViewModels.MesasViewModel - CanEliminarMesa llamado. Retornando: False.
2025-05-06 15:06:10.8652 DEBUG Restaurant_SAP.ViewModels.MesasViewModel - Mesa en edición cambiada. Nueva mesa en edición: 
2025-05-06 15:06:10.8652 TRACE Restaurant_SAP.ViewModels.MesasViewModel - CanGuardarCambios llamado. Retornando: False.
2025-05-06 15:06:10.8652 DEBUG Restaurant_SAP.ViewModels.MesasViewModel - Edición de mesa cancelada o no se seleccionó ninguna mesa.
2025-05-06 15:06:10.8652 TRACE Restaurant_SAP.ViewModels.MesasViewModel - Cargando mesas desde la base de datos...
2025-05-06 15:06:10.8784 DEBUG Restaurant_SAP.ViewModels.MapaMesasViewModel - La propiedad Mesas ha cambiado en MesasViewModel. Notificando cambios.
2025-05-06 15:06:10.8784 DEBUG Restaurant_SAP.ViewModels.MesasViewModel - La colección de mesas ha cambiado. Acción: Add.
2025-05-06 15:06:10.8784 DEBUG Restaurant_SAP.ViewModels.MapaMesasViewModel - La colección de mesas del mapa ha cambiado. Acción: Add.
2025-05-06 15:06:10.8784 DEBUG Restaurant_SAP.ViewModels.ReservasViewModel - La colección de mesas ha cambiado. Acción: Add.
2025-05-06 15:06:10.8784 DEBUG Restaurant_SAP.ViewModels.MapaMesasViewModel - La propiedad Mesas ha cambiado en MesasViewModel. Notificando cambios.
2025-05-06 15:06:10.8784 DEBUG Restaurant_SAP.ViewModels.MesasViewModel - La colección de mesas ha cambiado. Acción: Add.
2025-05-06 15:06:10.8784 DEBUG Restaurant_SAP.ViewModels.MapaMesasViewModel - La colección de mesas del mapa ha cambiado. Acción: Add.
2025-05-06 15:06:10.8784 DEBUG Restaurant_SAP.ViewModels.ReservasViewModel - La colección de mesas ha cambiado. Acción: Add.
2025-05-06 15:06:10.8784 DEBUG Restaurant_SAP.ViewModels.MapaMesasViewModel - La propiedad Mesas ha cambiado en MesasViewModel. Notificando cambios.
2025-05-06 15:06:10.8784 DEBUG Restaurant_SAP.ViewModels.MesasViewModel - La colección de mesas ha cambiado. Acción: Add.
2025-05-06 15:06:10.8784 DEBUG Restaurant_SAP.ViewModels.MapaMesasViewModel - La colección de mesas del mapa ha cambiado. Acción: Add.
2025-05-06 15:06:10.8784 DEBUG Restaurant_SAP.ViewModels.ReservasViewModel - La colección de mesas ha cambiado. Acción: Add.
2025-05-06 15:06:10.8784 DEBUG Restaurant_SAP.ViewModels.MapaMesasViewModel - La propiedad Mesas ha cambiado en MesasViewModel. Notificando cambios.
2025-05-06 15:06:10.8784 DEBUG Restaurant_SAP.ViewModels.MesasViewModel - La colección de mesas ha cambiado. Acción: Add.
2025-05-06 15:06:10.8784 DEBUG Restaurant_SAP.ViewModels.MapaMesasViewModel - La colección de mesas del mapa ha cambiado. Acción: Add.
2025-05-06 15:06:10.8784 DEBUG Restaurant_SAP.ViewModels.ReservasViewModel - La colección de mesas ha cambiado. Acción: Add.
2025-05-06 15:06:10.8784 DEBUG Restaurant_SAP.ViewModels.MapaMesasViewModel - La propiedad Mesas ha cambiado en MesasViewModel. Notificando cambios.
2025-05-06 15:06:10.8784 DEBUG Restaurant_SAP.ViewModels.MesasViewModel - La colección de mesas ha cambiado. Acción: Add.
2025-05-06 15:06:10.8784 DEBUG Restaurant_SAP.ViewModels.MapaMesasViewModel - La colección de mesas del mapa ha cambiado. Acción: Add.
2025-05-06 15:06:10.8784 DEBUG Restaurant_SAP.ViewModels.ReservasViewModel - La colección de mesas ha cambiado. Acción: Add.
2025-05-06 15:06:10.8784 INFO Restaurant_SAP.ViewModels.MesasViewModel - Se cargaron 5 mesas desde la base de datos.
2025-05-06 15:06:10.8784 DEBUG Restaurant_SAP.ViewModels.MesasViewModel - Mesa seleccionada cambiada. Nueva mesa: 
2025-05-06 15:06:10.8784 TRACE Restaurant_SAP.ViewModels.MesasViewModel - CanEliminarMesa llamado. Retornando: False.
2025-05-06 15:06:10.8784 DEBUG Restaurant_SAP.ViewModels.MesasViewModel - Mesa en edición cambiada. Nueva mesa en edición: 
2025-05-06 15:06:10.8784 TRACE Restaurant_SAP.ViewModels.MesasViewModel - CanGuardarCambios llamado. Retornando: False.
2025-05-06 15:06:10.8784 DEBUG Restaurant_SAP.ViewModels.MesasViewModel - Edición de mesa cancelada o no se seleccionó ninguna mesa.
2025-05-06 15:06:10.8784 DEBUG Restaurant_SAP.ViewModels.MesasViewModel - Mesa en edición cambiada. Nueva mesa en edición: 
2025-05-06 15:06:10.8784 TRACE Restaurant_SAP.ViewModels.MesasViewModel - CanGuardarCambios llamado. Retornando: False.
2025-05-06 15:06:10.8784 DEBUG Restaurant_SAP.ViewModels.MesasViewModel - Edición completada. Selección y mesa en edición restablecidas.
2025-05-06 15:06:10.8784 TRACE Restaurant_SAP.ViewModels.MesasViewModel - Método GuardarCambios completado.
2025-05-06 15:06:33.1037 TRACE Restaurant_SAP.ViewModels.MesasViewModel - CanAgregarMesa llamado. Retornando: true.
2025-05-06 15:06:33.1037 TRACE Restaurant_SAP.ViewModels.MesasViewModel - Método AgregarMesa llamado.
2025-05-06 15:06:33.2049 INFO Restaurant_SAP.ViewModels.MesasViewModel - Mesa agregada. Número: 6, Descripción: Mesa 6, Estado: Libre.
2025-05-06 15:06:33.2049 DEBUG Restaurant_SAP.ViewModels.MapaMesasViewModel - La propiedad Mesas ha cambiado en MesasViewModel. Notificando cambios.
2025-05-06 15:06:33.2049 DEBUG Restaurant_SAP.ViewModels.MesasViewModel - La colección de mesas ha cambiado. Acción: Reset.
2025-05-06 15:06:33.2072 DEBUG Restaurant_SAP.ViewModels.MapaMesasViewModel - La colección de mesas del mapa ha cambiado. Acción: Reset.
2025-05-06 15:06:33.2072 DEBUG Restaurant_SAP.ViewModels.ReservasViewModel - La colección de mesas ha cambiado. Acción: Reset.
2025-05-06 15:06:33.2072 TRACE Restaurant_SAP.ViewModels.MesasViewModel - Cargando mesas desde la base de datos...
2025-05-06 15:06:33.2072 DEBUG Restaurant_SAP.ViewModels.MapaMesasViewModel - La propiedad Mesas ha cambiado en MesasViewModel. Notificando cambios.
2025-05-06 15:06:33.2072 DEBUG Restaurant_SAP.ViewModels.MesasViewModel - La colección de mesas ha cambiado. Acción: Add.
2025-05-06 15:06:33.2072 DEBUG Restaurant_SAP.ViewModels.MapaMesasViewModel - La colección de mesas del mapa ha cambiado. Acción: Add.
2025-05-06 15:06:33.2072 DEBUG Restaurant_SAP.ViewModels.ReservasViewModel - La colección de mesas ha cambiado. Acción: Add.
2025-05-06 15:06:33.2072 DEBUG Restaurant_SAP.ViewModels.MapaMesasViewModel - La propiedad Mesas ha cambiado en MesasViewModel. Notificando cambios.
2025-05-06 15:06:33.2072 DEBUG Restaurant_SAP.ViewModels.MesasViewModel - La colección de mesas ha cambiado. Acción: Add.
2025-05-06 15:06:33.2072 DEBUG Restaurant_SAP.ViewModels.MapaMesasViewModel - La colección de mesas del mapa ha cambiado. Acción: Add.
2025-05-06 15:06:33.2072 DEBUG Restaurant_SAP.ViewModels.ReservasViewModel - La colección de mesas ha cambiado. Acción: Add.
2025-05-06 15:06:33.2072 DEBUG Restaurant_SAP.ViewModels.MapaMesasViewModel - La propiedad Mesas ha cambiado en MesasViewModel. Notificando cambios.
2025-05-06 15:06:33.2072 DEBUG Restaurant_SAP.ViewModels.MesasViewModel - La colección de mesas ha cambiado. Acción: Add.
2025-05-06 15:06:33.2072 DEBUG Restaurant_SAP.ViewModels.MapaMesasViewModel - La colección de mesas del mapa ha cambiado. Acción: Add.
2025-05-06 15:06:33.2072 DEBUG Restaurant_SAP.ViewModels.ReservasViewModel - La colección de mesas ha cambiado. Acción: Add.
2025-05-06 15:06:33.2072 DEBUG Restaurant_SAP.ViewModels.MapaMesasViewModel - La propiedad Mesas ha cambiado en MesasViewModel. Notificando cambios.
2025-05-06 15:06:33.2072 DEBUG Restaurant_SAP.ViewModels.MesasViewModel - La colección de mesas ha cambiado. Acción: Add.
2025-05-06 15:06:33.2072 DEBUG Restaurant_SAP.ViewModels.MapaMesasViewModel - La colección de mesas del mapa ha cambiado. Acción: Add.
2025-05-06 15:06:33.2072 DEBUG Restaurant_SAP.ViewModels.ReservasViewModel - La colección de mesas ha cambiado. Acción: Add.
2025-05-06 15:06:33.2072 DEBUG Restaurant_SAP.ViewModels.MapaMesasViewModel - La propiedad Mesas ha cambiado en MesasViewModel. Notificando cambios.
2025-05-06 15:06:33.2072 DEBUG Restaurant_SAP.ViewModels.MesasViewModel - La colección de mesas ha cambiado. Acción: Add.
2025-05-06 15:06:33.2231 DEBUG Restaurant_SAP.ViewModels.MapaMesasViewModel - La colección de mesas del mapa ha cambiado. Acción: Add.
2025-05-06 15:06:33.2231 DEBUG Restaurant_SAP.ViewModels.ReservasViewModel - La colección de mesas ha cambiado. Acción: Add.
2025-05-06 15:06:33.2231 DEBUG Restaurant_SAP.ViewModels.MapaMesasViewModel - La propiedad Mesas ha cambiado en MesasViewModel. Notificando cambios.
2025-05-06 15:06:33.2231 DEBUG Restaurant_SAP.ViewModels.MesasViewModel - La colección de mesas ha cambiado. Acción: Add.
2025-05-06 15:06:33.2231 DEBUG Restaurant_SAP.ViewModels.MapaMesasViewModel - La colección de mesas del mapa ha cambiado. Acción: Add.
2025-05-06 15:06:33.2231 DEBUG Restaurant_SAP.ViewModels.ReservasViewModel - La colección de mesas ha cambiado. Acción: Add.
2025-05-06 15:06:33.2231 INFO Restaurant_SAP.ViewModels.MesasViewModel - Se cargaron 6 mesas desde la base de datos.
2025-05-06 15:06:33.2231 DEBUG Restaurant_SAP.ViewModels.MapaMesasViewModel - La propiedad Mesas ha cambiado en MesasViewModel. Notificando cambios.
2025-05-06 15:06:33.2231 DEBUG Restaurant_SAP.ViewModels.MesasViewModel - Nueva mesa creada o modificada: Número: 0, Descripción: 
2025-05-06 15:06:33.2231 TRACE Restaurant_SAP.ViewModels.MesasViewModel - CanAgregarMesa llamado. Retornando: true.
2025-05-06 15:06:33.2231 DEBUG Restaurant_SAP.ViewModels.MesasViewModel - NuevaMesa restablecida.
2025-05-06 15:06:33.2231 TRACE Restaurant_SAP.ViewModels.MesasViewModel - Método AgregarMesa completado.
2025-05-06 15:06:44.7407 TRACE Restaurant_SAP.ViewModels.MesasViewModel - Método VerificarReservas llamado por el timer.
2025-05-06 15:06:44.7407 DEBUG Restaurant_SAP.ViewModels.MesasViewModel - Verificando el estado de las mesas para reservas próximas a las: 6/5/2025 15:06:44.
2025-05-06 15:06:44.7407 DEBUG Restaurant_SAP.ViewModels.MesasViewModel - Se encontraron 0 reservas activas.
2025-05-06 15:06:44.7407 TRACE Restaurant_SAP.ViewModels.MesasViewModel - Método VerificarReservas completado.
2025-05-06 15:06:52.0447 TRACE Restaurant_SAP.ViewModels.MesasViewModel - CanAgregarMesa llamado. Retornando: true.
2025-05-06 15:06:52.0447 TRACE Restaurant_SAP.ViewModels.MesasViewModel - Método AgregarMesa llamado.
2025-05-06 15:06:52.0521 INFO Restaurant_SAP.ViewModels.MesasViewModel - Mesa agregada. Número: 7, Descripción: Mesa 7, Estado: Libre.
2025-05-06 15:06:52.0521 DEBUG Restaurant_SAP.ViewModels.MapaMesasViewModel - La propiedad Mesas ha cambiado en MesasViewModel. Notificando cambios.
2025-05-06 15:06:52.0521 DEBUG Restaurant_SAP.ViewModels.MesasViewModel - La colección de mesas ha cambiado. Acción: Reset.
2025-05-06 15:06:52.0521 DEBUG Restaurant_SAP.ViewModels.MapaMesasViewModel - La colección de mesas del mapa ha cambiado. Acción: Reset.
2025-05-06 15:06:52.0521 DEBUG Restaurant_SAP.ViewModels.ReservasViewModel - La colección de mesas ha cambiado. Acción: Reset.
2025-05-06 15:06:52.0521 TRACE Restaurant_SAP.ViewModels.MesasViewModel - Cargando mesas desde la base de datos...
2025-05-06 15:06:52.0521 DEBUG Restaurant_SAP.ViewModels.MapaMesasViewModel - La propiedad Mesas ha cambiado en MesasViewModel. Notificando cambios.
2025-05-06 15:06:52.0521 DEBUG Restaurant_SAP.ViewModels.MesasViewModel - La colección de mesas ha cambiado. Acción: Add.
2025-05-06 15:06:52.0521 DEBUG Restaurant_SAP.ViewModels.MapaMesasViewModel - La colección de mesas del mapa ha cambiado. Acción: Add.
2025-05-06 15:06:52.0521 DEBUG Restaurant_SAP.ViewModels.ReservasViewModel - La colección de mesas ha cambiado. Acción: Add.
2025-05-06 15:06:52.0521 DEBUG Restaurant_SAP.ViewModels.MapaMesasViewModel - La propiedad Mesas ha cambiado en MesasViewModel. Notificando cambios.
2025-05-06 15:06:52.0521 DEBUG Restaurant_SAP.ViewModels.MesasViewModel - La colección de mesas ha cambiado. Acción: Add.
2025-05-06 15:06:52.0521 DEBUG Restaurant_SAP.ViewModels.MapaMesasViewModel - La colección de mesas del mapa ha cambiado. Acción: Add.
2025-05-06 15:06:52.0521 DEBUG Restaurant_SAP.ViewModels.ReservasViewModel - La colección de mesas ha cambiado. Acción: Add.
2025-05-06 15:06:52.0521 DEBUG Restaurant_SAP.ViewModels.MapaMesasViewModel - La propiedad Mesas ha cambiado en MesasViewModel. Notificando cambios.
2025-05-06 15:06:52.0521 DEBUG Restaurant_SAP.ViewModels.MesasViewModel - La colección de mesas ha cambiado. Acción: Add.
2025-05-06 15:06:52.0521 DEBUG Restaurant_SAP.ViewModels.MapaMesasViewModel - La colección de mesas del mapa ha cambiado. Acción: Add.
2025-05-06 15:06:52.0521 DEBUG Restaurant_SAP.ViewModels.ReservasViewModel - La colección de mesas ha cambiado. Acción: Add.
2025-05-06 15:06:52.0665 DEBUG Restaurant_SAP.ViewModels.MapaMesasViewModel - La propiedad Mesas ha cambiado en MesasViewModel. Notificando cambios.
2025-05-06 15:06:52.0665 DEBUG Restaurant_SAP.ViewModels.MesasViewModel - La colección de mesas ha cambiado. Acción: Add.
2025-05-06 15:06:52.0665 DEBUG Restaurant_SAP.ViewModels.MapaMesasViewModel - La colección de mesas del mapa ha cambiado. Acción: Add.
2025-05-06 15:06:52.0665 DEBUG Restaurant_SAP.ViewModels.ReservasViewModel - La colección de mesas ha cambiado. Acción: Add.
2025-05-06 15:06:52.0665 DEBUG Restaurant_SAP.ViewModels.MapaMesasViewModel - La propiedad Mesas ha cambiado en MesasViewModel. Notificando cambios.
2025-05-06 15:06:52.0665 DEBUG Restaurant_SAP.ViewModels.MesasViewModel - La colección de mesas ha cambiado. Acción: Add.
2025-05-06 15:06:52.0665 DEBUG Restaurant_SAP.ViewModels.MapaMesasViewModel - La colección de mesas del mapa ha cambiado. Acción: Add.
2025-05-06 15:06:52.0665 DEBUG Restaurant_SAP.ViewModels.ReservasViewModel - La colección de mesas ha cambiado. Acción: Add.
2025-05-06 15:06:52.0665 DEBUG Restaurant_SAP.ViewModels.MapaMesasViewModel - La propiedad Mesas ha cambiado en MesasViewModel. Notificando cambios.
2025-05-06 15:06:52.0913 DEBUG Restaurant_SAP.ViewModels.MesasViewModel - La colección de mesas ha cambiado. Acción: Add.
2025-05-06 15:06:52.0913 DEBUG Restaurant_SAP.ViewModels.MapaMesasViewModel - La colección de mesas del mapa ha cambiado. Acción: Add.
2025-05-06 15:06:52.0913 DEBUG Restaurant_SAP.ViewModels.ReservasViewModel - La colección de mesas ha cambiado. Acción: Add.
2025-05-06 15:06:52.0913 DEBUG Restaurant_SAP.ViewModels.MapaMesasViewModel - La propiedad Mesas ha cambiado en MesasViewModel. Notificando cambios.
2025-05-06 15:06:52.0913 DEBUG Restaurant_SAP.ViewModels.MesasViewModel - La colección de mesas ha cambiado. Acción: Add.
2025-05-06 15:06:52.0913 DEBUG Restaurant_SAP.ViewModels.MapaMesasViewModel - La colección de mesas del mapa ha cambiado. Acción: Add.
2025-05-06 15:06:52.0913 DEBUG Restaurant_SAP.ViewModels.ReservasViewModel - La colección de mesas ha cambiado. Acción: Add.
2025-05-06 15:06:52.0977 INFO Restaurant_SAP.ViewModels.MesasViewModel - Se cargaron 7 mesas desde la base de datos.
2025-05-06 15:06:52.0977 DEBUG Restaurant_SAP.ViewModels.MapaMesasViewModel - La propiedad Mesas ha cambiado en MesasViewModel. Notificando cambios.
2025-05-06 15:06:52.0977 DEBUG Restaurant_SAP.ViewModels.MesasViewModel - Nueva mesa creada o modificada: Número: 0, Descripción: 
2025-05-06 15:06:52.0977 TRACE Restaurant_SAP.ViewModels.MesasViewModel - CanAgregarMesa llamado. Retornando: true.
2025-05-06 15:06:52.0977 DEBUG Restaurant_SAP.ViewModels.MesasViewModel - NuevaMesa restablecida.
2025-05-06 15:06:52.0977 TRACE Restaurant_SAP.ViewModels.MesasViewModel - Método AgregarMesa completado.
2025-05-06 15:07:07.0032 TRACE Restaurant_SAP.ViewModels.MesasViewModel - CanAgregarMesa llamado. Retornando: true.
2025-05-06 15:07:07.0032 TRACE Restaurant_SAP.ViewModels.MesasViewModel - Método AgregarMesa llamado.
2025-05-06 15:07:07.0032 INFO Restaurant_SAP.ViewModels.MesasViewModel - Mesa agregada. Número: 8, Descripción: Mesa 8, Estado: Libre.
2025-05-06 15:07:07.0032 DEBUG Restaurant_SAP.ViewModels.MapaMesasViewModel - La propiedad Mesas ha cambiado en MesasViewModel. Notificando cambios.
2025-05-06 15:07:07.0032 DEBUG Restaurant_SAP.ViewModels.MesasViewModel - La colección de mesas ha cambiado. Acción: Reset.
2025-05-06 15:07:07.0032 DEBUG Restaurant_SAP.ViewModels.MapaMesasViewModel - La colección de mesas del mapa ha cambiado. Acción: Reset.
2025-05-06 15:07:07.0032 DEBUG Restaurant_SAP.ViewModels.ReservasViewModel - La colección de mesas ha cambiado. Acción: Reset.
2025-05-06 15:07:07.0032 TRACE Restaurant_SAP.ViewModels.MesasViewModel - Cargando mesas desde la base de datos...
2025-05-06 15:07:07.0032 DEBUG Restaurant_SAP.ViewModels.MapaMesasViewModel - La propiedad Mesas ha cambiado en MesasViewModel. Notificando cambios.
2025-05-06 15:07:07.0032 DEBUG Restaurant_SAP.ViewModels.MesasViewModel - La colección de mesas ha cambiado. Acción: Add.
2025-05-06 15:07:07.0032 DEBUG Restaurant_SAP.ViewModels.MapaMesasViewModel - La colección de mesas del mapa ha cambiado. Acción: Add.
2025-05-06 15:07:07.0032 DEBUG Restaurant_SAP.ViewModels.ReservasViewModel - La colección de mesas ha cambiado. Acción: Add.
2025-05-06 15:07:07.0032 DEBUG Restaurant_SAP.ViewModels.MapaMesasViewModel - La propiedad Mesas ha cambiado en MesasViewModel. Notificando cambios.
2025-05-06 15:07:07.0032 DEBUG Restaurant_SAP.ViewModels.MesasViewModel - La colección de mesas ha cambiado. Acción: Add.
2025-05-06 15:07:07.0032 DEBUG Restaurant_SAP.ViewModels.MapaMesasViewModel - La colección de mesas del mapa ha cambiado. Acción: Add.
2025-05-06 15:07:07.0197 DEBUG Restaurant_SAP.ViewModels.ReservasViewModel - La colección de mesas ha cambiado. Acción: Add.
2025-05-06 15:07:07.0197 DEBUG Restaurant_SAP.ViewModels.MapaMesasViewModel - La propiedad Mesas ha cambiado en MesasViewModel. Notificando cambios.
2025-05-06 15:07:07.0197 DEBUG Restaurant_SAP.ViewModels.MesasViewModel - La colección de mesas ha cambiado. Acción: Add.
2025-05-06 15:07:07.0197 DEBUG Restaurant_SAP.ViewModels.MapaMesasViewModel - La colección de mesas del mapa ha cambiado. Acción: Add.
2025-05-06 15:07:07.0197 DEBUG Restaurant_SAP.ViewModels.ReservasViewModel - La colección de mesas ha cambiado. Acción: Add.
2025-05-06 15:07:07.0197 DEBUG Restaurant_SAP.ViewModels.MapaMesasViewModel - La propiedad Mesas ha cambiado en MesasViewModel. Notificando cambios.
2025-05-06 15:07:07.0197 DEBUG Restaurant_SAP.ViewModels.MesasViewModel - La colección de mesas ha cambiado. Acción: Add.
2025-05-06 15:07:07.0197 DEBUG Restaurant_SAP.ViewModels.MapaMesasViewModel - La colección de mesas del mapa ha cambiado. Acción: Add.
2025-05-06 15:07:07.0197 DEBUG Restaurant_SAP.ViewModels.ReservasViewModel - La colección de mesas ha cambiado. Acción: Add.
2025-05-06 15:07:07.0197 DEBUG Restaurant_SAP.ViewModels.MapaMesasViewModel - La propiedad Mesas ha cambiado en MesasViewModel. Notificando cambios.
2025-05-06 15:07:07.0197 DEBUG Restaurant_SAP.ViewModels.MesasViewModel - La colección de mesas ha cambiado. Acción: Add.
2025-05-06 15:07:07.0197 DEBUG Restaurant_SAP.ViewModels.MapaMesasViewModel - La colección de mesas del mapa ha cambiado. Acción: Add.
2025-05-06 15:07:07.0197 DEBUG Restaurant_SAP.ViewModels.ReservasViewModel - La colección de mesas ha cambiado. Acción: Add.
2025-05-06 15:07:07.0197 DEBUG Restaurant_SAP.ViewModels.MapaMesasViewModel - La propiedad Mesas ha cambiado en MesasViewModel. Notificando cambios.
2025-05-06 15:07:07.0197 DEBUG Restaurant_SAP.ViewModels.MesasViewModel - La colección de mesas ha cambiado. Acción: Add.
2025-05-06 15:07:07.0197 DEBUG Restaurant_SAP.ViewModels.MapaMesasViewModel - La colección de mesas del mapa ha cambiado. Acción: Add.
2025-05-06 15:07:07.0197 DEBUG Restaurant_SAP.ViewModels.ReservasViewModel - La colección de mesas ha cambiado. Acción: Add.
2025-05-06 15:07:07.0197 DEBUG Restaurant_SAP.ViewModels.MapaMesasViewModel - La propiedad Mesas ha cambiado en MesasViewModel. Notificando cambios.
2025-05-06 15:07:07.0197 DEBUG Restaurant_SAP.ViewModels.MesasViewModel - La colección de mesas ha cambiado. Acción: Add.
2025-05-06 15:07:07.0197 DEBUG Restaurant_SAP.ViewModels.MapaMesasViewModel - La colección de mesas del mapa ha cambiado. Acción: Add.
2025-05-06 15:07:07.0197 DEBUG Restaurant_SAP.ViewModels.ReservasViewModel - La colección de mesas ha cambiado. Acción: Add.
2025-05-06 15:07:07.0197 DEBUG Restaurant_SAP.ViewModels.MapaMesasViewModel - La propiedad Mesas ha cambiado en MesasViewModel. Notificando cambios.
2025-05-06 15:07:07.0197 DEBUG Restaurant_SAP.ViewModels.MesasViewModel - La colección de mesas ha cambiado. Acción: Add.
2025-05-06 15:07:07.0197 DEBUG Restaurant_SAP.ViewModels.MapaMesasViewModel - La colección de mesas del mapa ha cambiado. Acción: Add.
2025-05-06 15:07:07.0197 DEBUG Restaurant_SAP.ViewModels.ReservasViewModel - La colección de mesas ha cambiado. Acción: Add.
2025-05-06 15:07:07.0197 INFO Restaurant_SAP.ViewModels.MesasViewModel - Se cargaron 8 mesas desde la base de datos.
2025-05-06 15:07:07.0197 DEBUG Restaurant_SAP.ViewModels.MapaMesasViewModel - La propiedad Mesas ha cambiado en MesasViewModel. Notificando cambios.
2025-05-06 15:07:07.0197 DEBUG Restaurant_SAP.ViewModels.MesasViewModel - Nueva mesa creada o modificada: Número: 0, Descripción: 
2025-05-06 15:07:07.0197 TRACE Restaurant_SAP.ViewModels.MesasViewModel - CanAgregarMesa llamado. Retornando: true.
2025-05-06 15:07:07.0197 DEBUG Restaurant_SAP.ViewModels.MesasViewModel - NuevaMesa restablecida.
2025-05-06 15:07:07.0197 TRACE Restaurant_SAP.ViewModels.MesasViewModel - Método AgregarMesa completado.
2025-05-06 15:07:33.5130 TRACE Restaurant_SAP.ViewModels.MesasViewModel - CanAgregarMesa llamado. Retornando: true.
2025-05-06 15:07:33.5130 TRACE Restaurant_SAP.ViewModels.MesasViewModel - Método AgregarMesa llamado.
2025-05-06 15:07:33.5227 INFO Restaurant_SAP.ViewModels.MesasViewModel - Mesa agregada. Número: 9, Descripción: Mesa 9, Estado: Libre.
2025-05-06 15:07:33.5227 DEBUG Restaurant_SAP.ViewModels.MapaMesasViewModel - La propiedad Mesas ha cambiado en MesasViewModel. Notificando cambios.
2025-05-06 15:07:33.5227 DEBUG Restaurant_SAP.ViewModels.MesasViewModel - La colección de mesas ha cambiado. Acción: Reset.
2025-05-06 15:07:33.5227 DEBUG Restaurant_SAP.ViewModels.MapaMesasViewModel - La colección de mesas del mapa ha cambiado. Acción: Reset.
2025-05-06 15:07:33.5227 DEBUG Restaurant_SAP.ViewModels.ReservasViewModel - La colección de mesas ha cambiado. Acción: Reset.
2025-05-06 15:07:33.5227 TRACE Restaurant_SAP.ViewModels.MesasViewModel - Cargando mesas desde la base de datos...
2025-05-06 15:07:33.5227 DEBUG Restaurant_SAP.ViewModels.MapaMesasViewModel - La propiedad Mesas ha cambiado en MesasViewModel. Notificando cambios.
2025-05-06 15:07:33.5227 DEBUG Restaurant_SAP.ViewModels.MesasViewModel - La colección de mesas ha cambiado. Acción: Add.
2025-05-06 15:07:33.5227 DEBUG Restaurant_SAP.ViewModels.MapaMesasViewModel - La colección de mesas del mapa ha cambiado. Acción: Add.
2025-05-06 15:07:33.5227 DEBUG Restaurant_SAP.ViewModels.ReservasViewModel - La colección de mesas ha cambiado. Acción: Add.
2025-05-06 15:07:33.5227 DEBUG Restaurant_SAP.ViewModels.MapaMesasViewModel - La propiedad Mesas ha cambiado en MesasViewModel. Notificando cambios.
2025-05-06 15:07:33.5348 DEBUG Restaurant_SAP.ViewModels.MesasViewModel - La colección de mesas ha cambiado. Acción: Add.
2025-05-06 15:07:33.5348 DEBUG Restaurant_SAP.ViewModels.MapaMesasViewModel - La colección de mesas del mapa ha cambiado. Acción: Add.
2025-05-06 15:07:33.5348 DEBUG Restaurant_SAP.ViewModels.ReservasViewModel - La colección de mesas ha cambiado. Acción: Add.
2025-05-06 15:07:33.5348 DEBUG Restaurant_SAP.ViewModels.MapaMesasViewModel - La propiedad Mesas ha cambiado en MesasViewModel. Notificando cambios.
2025-05-06 15:07:33.5348 DEBUG Restaurant_SAP.ViewModels.MesasViewModel - La colección de mesas ha cambiado. Acción: Add.
2025-05-06 15:07:33.5348 DEBUG Restaurant_SAP.ViewModels.MapaMesasViewModel - La colección de mesas del mapa ha cambiado. Acción: Add.
2025-05-06 15:07:33.5348 DEBUG Restaurant_SAP.ViewModels.ReservasViewModel - La colección de mesas ha cambiado. Acción: Add.
2025-05-06 15:07:33.5348 DEBUG Restaurant_SAP.ViewModels.MapaMesasViewModel - La propiedad Mesas ha cambiado en MesasViewModel. Notificando cambios.
2025-05-06 15:07:33.5348 DEBUG Restaurant_SAP.ViewModels.MesasViewModel - La colección de mesas ha cambiado. Acción: Add.
2025-05-06 15:07:33.5348 DEBUG Restaurant_SAP.ViewModels.MapaMesasViewModel - La colección de mesas del mapa ha cambiado. Acción: Add.
2025-05-06 15:07:33.5348 DEBUG Restaurant_SAP.ViewModels.ReservasViewModel - La colección de mesas ha cambiado. Acción: Add.
2025-05-06 15:07:33.5348 DEBUG Restaurant_SAP.ViewModels.MapaMesasViewModel - La propiedad Mesas ha cambiado en MesasViewModel. Notificando cambios.
2025-05-06 15:07:33.5348 DEBUG Restaurant_SAP.ViewModels.MesasViewModel - La colección de mesas ha cambiado. Acción: Add.
2025-05-06 15:07:33.5348 DEBUG Restaurant_SAP.ViewModels.MapaMesasViewModel - La colección de mesas del mapa ha cambiado. Acción: Add.
2025-05-06 15:07:33.5348 DEBUG Restaurant_SAP.ViewModels.ReservasViewModel - La colección de mesas ha cambiado. Acción: Add.
2025-05-06 15:07:33.5348 DEBUG Restaurant_SAP.ViewModels.MapaMesasViewModel - La propiedad Mesas ha cambiado en MesasViewModel. Notificando cambios.
2025-05-06 15:07:33.5348 DEBUG Restaurant_SAP.ViewModels.MesasViewModel - La colección de mesas ha cambiado. Acción: Add.
2025-05-06 15:07:33.5348 DEBUG Restaurant_SAP.ViewModels.MapaMesasViewModel - La colección de mesas del mapa ha cambiado. Acción: Add.
2025-05-06 15:07:33.5348 DEBUG Restaurant_SAP.ViewModels.ReservasViewModel - La colección de mesas ha cambiado. Acción: Add.
2025-05-06 15:07:33.5348 DEBUG Restaurant_SAP.ViewModels.MapaMesasViewModel - La propiedad Mesas ha cambiado en MesasViewModel. Notificando cambios.
2025-05-06 15:07:33.5348 DEBUG Restaurant_SAP.ViewModels.MesasViewModel - La colección de mesas ha cambiado. Acción: Add.
2025-05-06 15:07:33.5348 DEBUG Restaurant_SAP.ViewModels.MapaMesasViewModel - La colección de mesas del mapa ha cambiado. Acción: Add.
2025-05-06 15:07:33.5348 DEBUG Restaurant_SAP.ViewModels.ReservasViewModel - La colección de mesas ha cambiado. Acción: Add.
2025-05-06 15:07:33.5348 DEBUG Restaurant_SAP.ViewModels.MapaMesasViewModel - La propiedad Mesas ha cambiado en MesasViewModel. Notificando cambios.
2025-05-06 15:07:33.5505 DEBUG Restaurant_SAP.ViewModels.MesasViewModel - La colección de mesas ha cambiado. Acción: Add.
2025-05-06 15:07:33.5505 DEBUG Restaurant_SAP.ViewModels.MapaMesasViewModel - La colección de mesas del mapa ha cambiado. Acción: Add.
2025-05-06 15:07:33.5505 DEBUG Restaurant_SAP.ViewModels.ReservasViewModel - La colección de mesas ha cambiado. Acción: Add.
2025-05-06 15:07:33.5505 DEBUG Restaurant_SAP.ViewModels.MapaMesasViewModel - La propiedad Mesas ha cambiado en MesasViewModel. Notificando cambios.
2025-05-06 15:07:33.5505 DEBUG Restaurant_SAP.ViewModels.MesasViewModel - La colección de mesas ha cambiado. Acción: Add.
2025-05-06 15:07:33.5505 DEBUG Restaurant_SAP.ViewModels.MapaMesasViewModel - La colección de mesas del mapa ha cambiado. Acción: Add.
2025-05-06 15:07:33.5505 DEBUG Restaurant_SAP.ViewModels.ReservasViewModel - La colección de mesas ha cambiado. Acción: Add.
2025-05-06 15:07:33.5505 INFO Restaurant_SAP.ViewModels.MesasViewModel - Se cargaron 9 mesas desde la base de datos.
2025-05-06 15:07:33.5505 DEBUG Restaurant_SAP.ViewModels.MapaMesasViewModel - La propiedad Mesas ha cambiado en MesasViewModel. Notificando cambios.
2025-05-06 15:07:33.5505 DEBUG Restaurant_SAP.ViewModels.MesasViewModel - Nueva mesa creada o modificada: Número: 0, Descripción: 
2025-05-06 15:07:33.5505 TRACE Restaurant_SAP.ViewModels.MesasViewModel - CanAgregarMesa llamado. Retornando: true.
2025-05-06 15:07:33.5505 DEBUG Restaurant_SAP.ViewModels.MesasViewModel - NuevaMesa restablecida.
2025-05-06 15:07:33.5505 TRACE Restaurant_SAP.ViewModels.MesasViewModel - Método AgregarMesa completado.
2025-05-06 15:07:44.7394 TRACE Restaurant_SAP.ViewModels.MesasViewModel - Método VerificarReservas llamado por el timer.
2025-05-06 15:07:44.7394 DEBUG Restaurant_SAP.ViewModels.MesasViewModel - Verificando el estado de las mesas para reservas próximas a las: 6/5/2025 15:07:44.
2025-05-06 15:07:44.7394 DEBUG Restaurant_SAP.ViewModels.MesasViewModel - Se encontraron 0 reservas activas.
2025-05-06 15:07:44.7394 TRACE Restaurant_SAP.ViewModels.MesasViewModel - Método VerificarReservas completado.
2025-05-06 15:08:09.3618 TRACE Restaurant_SAP.ViewModels.MesasViewModel - CanAgregarMesa llamado. Retornando: true.
2025-05-06 15:08:09.3618 TRACE Restaurant_SAP.ViewModels.MesasViewModel - Método AgregarMesa llamado.
2025-05-06 15:08:09.3695 INFO Restaurant_SAP.ViewModels.MesasViewModel - Mesa agregada. Número: 10, Descripción: Mesa 10 Grande 1, Estado: Libre.
2025-05-06 15:08:09.3695 DEBUG Restaurant_SAP.ViewModels.MapaMesasViewModel - La propiedad Mesas ha cambiado en MesasViewModel. Notificando cambios.
2025-05-06 15:08:09.3695 DEBUG Restaurant_SAP.ViewModels.MesasViewModel - La colección de mesas ha cambiado. Acción: Reset.
2025-05-06 15:08:09.3695 DEBUG Restaurant_SAP.ViewModels.MapaMesasViewModel - La colección de mesas del mapa ha cambiado. Acción: Reset.
2025-05-06 15:08:09.3695 DEBUG Restaurant_SAP.ViewModels.ReservasViewModel - La colección de mesas ha cambiado. Acción: Reset.
2025-05-06 15:08:09.3695 TRACE Restaurant_SAP.ViewModels.MesasViewModel - Cargando mesas desde la base de datos...
2025-05-06 15:08:09.3695 DEBUG Restaurant_SAP.ViewModels.MapaMesasViewModel - La propiedad Mesas ha cambiado en MesasViewModel. Notificando cambios.
2025-05-06 15:08:09.3695 DEBUG Restaurant_SAP.ViewModels.MesasViewModel - La colección de mesas ha cambiado. Acción: Add.
2025-05-06 15:08:09.3695 DEBUG Restaurant_SAP.ViewModels.MapaMesasViewModel - La colección de mesas del mapa ha cambiado. Acción: Add.
2025-05-06 15:08:09.3695 DEBUG Restaurant_SAP.ViewModels.ReservasViewModel - La colección de mesas ha cambiado. Acción: Add.
2025-05-06 15:08:09.3695 DEBUG Restaurant_SAP.ViewModels.MapaMesasViewModel - La propiedad Mesas ha cambiado en MesasViewModel. Notificando cambios.
2025-05-06 15:08:09.3695 DEBUG Restaurant_SAP.ViewModels.MesasViewModel - La colección de mesas ha cambiado. Acción: Add.
2025-05-06 15:08:09.3695 DEBUG Restaurant_SAP.ViewModels.MapaMesasViewModel - La colección de mesas del mapa ha cambiado. Acción: Add.
2025-05-06 15:08:09.3695 DEBUG Restaurant_SAP.ViewModels.ReservasViewModel - La colección de mesas ha cambiado. Acción: Add.
2025-05-06 15:08:09.3792 DEBUG Restaurant_SAP.ViewModels.MapaMesasViewModel - La propiedad Mesas ha cambiado en MesasViewModel. Notificando cambios.
2025-05-06 15:08:09.3792 DEBUG Restaurant_SAP.ViewModels.MesasViewModel - La colección de mesas ha cambiado. Acción: Add.
2025-05-06 15:08:09.3792 DEBUG Restaurant_SAP.ViewModels.MapaMesasViewModel - La colección de mesas del mapa ha cambiado. Acción: Add.
2025-05-06 15:08:09.3792 DEBUG Restaurant_SAP.ViewModels.ReservasViewModel - La colección de mesas ha cambiado. Acción: Add.
2025-05-06 15:08:09.3792 DEBUG Restaurant_SAP.ViewModels.MapaMesasViewModel - La propiedad Mesas ha cambiado en MesasViewModel. Notificando cambios.
2025-05-06 15:08:09.3792 DEBUG Restaurant_SAP.ViewModels.MesasViewModel - La colección de mesas ha cambiado. Acción: Add.
2025-05-06 15:08:09.3792 DEBUG Restaurant_SAP.ViewModels.MapaMesasViewModel - La colección de mesas del mapa ha cambiado. Acción: Add.
2025-05-06 15:08:09.3792 DEBUG Restaurant_SAP.ViewModels.ReservasViewModel - La colección de mesas ha cambiado. Acción: Add.
2025-05-06 15:08:09.3792 DEBUG Restaurant_SAP.ViewModels.MapaMesasViewModel - La propiedad Mesas ha cambiado en MesasViewModel. Notificando cambios.
2025-05-06 15:08:09.3792 DEBUG Restaurant_SAP.ViewModels.MesasViewModel - La colección de mesas ha cambiado. Acción: Add.
2025-05-06 15:08:09.3792 DEBUG Restaurant_SAP.ViewModels.MapaMesasViewModel - La colección de mesas del mapa ha cambiado. Acción: Add.
2025-05-06 15:08:09.3792 DEBUG Restaurant_SAP.ViewModels.ReservasViewModel - La colección de mesas ha cambiado. Acción: Add.
2025-05-06 15:08:09.3792 DEBUG Restaurant_SAP.ViewModels.MapaMesasViewModel - La propiedad Mesas ha cambiado en MesasViewModel. Notificando cambios.
2025-05-06 15:08:09.3792 DEBUG Restaurant_SAP.ViewModels.MesasViewModel - La colección de mesas ha cambiado. Acción: Add.
2025-05-06 15:08:09.3792 DEBUG Restaurant_SAP.ViewModels.MapaMesasViewModel - La colección de mesas del mapa ha cambiado. Acción: Add.
2025-05-06 15:08:09.3792 DEBUG Restaurant_SAP.ViewModels.ReservasViewModel - La colección de mesas ha cambiado. Acción: Add.
2025-05-06 15:08:09.3792 DEBUG Restaurant_SAP.ViewModels.MapaMesasViewModel - La propiedad Mesas ha cambiado en MesasViewModel. Notificando cambios.
2025-05-06 15:08:09.3792 DEBUG Restaurant_SAP.ViewModels.MesasViewModel - La colección de mesas ha cambiado. Acción: Add.
2025-05-06 15:08:09.3792 DEBUG Restaurant_SAP.ViewModels.MapaMesasViewModel - La colección de mesas del mapa ha cambiado. Acción: Add.
2025-05-06 15:08:09.3792 DEBUG Restaurant_SAP.ViewModels.ReservasViewModel - La colección de mesas ha cambiado. Acción: Add.
2025-05-06 15:08:09.3792 DEBUG Restaurant_SAP.ViewModels.MapaMesasViewModel - La propiedad Mesas ha cambiado en MesasViewModel. Notificando cambios.
2025-05-06 15:08:09.3792 DEBUG Restaurant_SAP.ViewModels.MesasViewModel - La colección de mesas ha cambiado. Acción: Add.
2025-05-06 15:08:09.3792 DEBUG Restaurant_SAP.ViewModels.MapaMesasViewModel - La colección de mesas del mapa ha cambiado. Acción: Add.
2025-05-06 15:08:09.3792 DEBUG Restaurant_SAP.ViewModels.ReservasViewModel - La colección de mesas ha cambiado. Acción: Add.
2025-05-06 15:08:09.3792 DEBUG Restaurant_SAP.ViewModels.MapaMesasViewModel - La propiedad Mesas ha cambiado en MesasViewModel. Notificando cambios.
2025-05-06 15:08:09.3792 DEBUG Restaurant_SAP.ViewModels.MesasViewModel - La colección de mesas ha cambiado. Acción: Add.
2025-05-06 15:08:09.3792 DEBUG Restaurant_SAP.ViewModels.MapaMesasViewModel - La colección de mesas del mapa ha cambiado. Acción: Add.
2025-05-06 15:08:09.3792 DEBUG Restaurant_SAP.ViewModels.ReservasViewModel - La colección de mesas ha cambiado. Acción: Add.
2025-05-06 15:08:09.3792 DEBUG Restaurant_SAP.ViewModels.MapaMesasViewModel - La propiedad Mesas ha cambiado en MesasViewModel. Notificando cambios.
2025-05-06 15:08:09.3792 DEBUG Restaurant_SAP.ViewModels.MesasViewModel - La colección de mesas ha cambiado. Acción: Add.
2025-05-06 15:08:09.3792 DEBUG Restaurant_SAP.ViewModels.MapaMesasViewModel - La colección de mesas del mapa ha cambiado. Acción: Add.
2025-05-06 15:08:09.3952 DEBUG Restaurant_SAP.ViewModels.ReservasViewModel - La colección de mesas ha cambiado. Acción: Add.
2025-05-06 15:08:09.3952 INFO Restaurant_SAP.ViewModels.MesasViewModel - Se cargaron 10 mesas desde la base de datos.
2025-05-06 15:08:09.3952 DEBUG Restaurant_SAP.ViewModels.MapaMesasViewModel - La propiedad Mesas ha cambiado en MesasViewModel. Notificando cambios.
2025-05-06 15:08:09.3952 DEBUG Restaurant_SAP.ViewModels.MesasViewModel - Nueva mesa creada o modificada: Número: 0, Descripción: 
2025-05-06 15:08:09.3952 TRACE Restaurant_SAP.ViewModels.MesasViewModel - CanAgregarMesa llamado. Retornando: true.
2025-05-06 15:08:09.3952 DEBUG Restaurant_SAP.ViewModels.MesasViewModel - NuevaMesa restablecida.
2025-05-06 15:08:09.3952 TRACE Restaurant_SAP.ViewModels.MesasViewModel - Método AgregarMesa completado.
2025-05-06 15:08:23.8273 TRACE Restaurant_SAP.ViewModels.MesasViewModel - CanAgregarMesa llamado. Retornando: true.
2025-05-06 15:08:23.8273 TRACE Restaurant_SAP.ViewModels.MesasViewModel - Método AgregarMesa llamado.
2025-05-06 15:08:23.8350 INFO Restaurant_SAP.ViewModels.MesasViewModel - Mesa agregada. Número: 11, Descripción: Mesa 11 Grande 2, Estado: Libre.
2025-05-06 15:08:23.8350 DEBUG Restaurant_SAP.ViewModels.MapaMesasViewModel - La propiedad Mesas ha cambiado en MesasViewModel. Notificando cambios.
2025-05-06 15:08:23.8350 DEBUG Restaurant_SAP.ViewModels.MesasViewModel - La colección de mesas ha cambiado. Acción: Reset.
2025-05-06 15:08:23.8350 DEBUG Restaurant_SAP.ViewModels.MapaMesasViewModel - La colección de mesas del mapa ha cambiado. Acción: Reset.
2025-05-06 15:08:23.8350 DEBUG Restaurant_SAP.ViewModels.ReservasViewModel - La colección de mesas ha cambiado. Acción: Reset.
2025-05-06 15:08:23.8350 TRACE Restaurant_SAP.ViewModels.MesasViewModel - Cargando mesas desde la base de datos...
2025-05-06 15:08:23.8350 DEBUG Restaurant_SAP.ViewModels.MapaMesasViewModel - La propiedad Mesas ha cambiado en MesasViewModel. Notificando cambios.
2025-05-06 15:08:23.8350 DEBUG Restaurant_SAP.ViewModels.MesasViewModel - La colección de mesas ha cambiado. Acción: Add.
2025-05-06 15:08:23.8350 DEBUG Restaurant_SAP.ViewModels.MapaMesasViewModel - La colección de mesas del mapa ha cambiado. Acción: Add.
2025-05-06 15:08:23.8350 DEBUG Restaurant_SAP.ViewModels.ReservasViewModel - La colección de mesas ha cambiado. Acción: Add.
2025-05-06 15:08:23.8350 DEBUG Restaurant_SAP.ViewModels.MapaMesasViewModel - La propiedad Mesas ha cambiado en MesasViewModel. Notificando cambios.
2025-05-06 15:08:23.8350 DEBUG Restaurant_SAP.ViewModels.MesasViewModel - La colección de mesas ha cambiado. Acción: Add.
2025-05-06 15:08:23.8350 DEBUG Restaurant_SAP.ViewModels.MapaMesasViewModel - La colección de mesas del mapa ha cambiado. Acción: Add.
2025-05-06 15:08:23.8350 DEBUG Restaurant_SAP.ViewModels.ReservasViewModel - La colección de mesas ha cambiado. Acción: Add.
2025-05-06 15:08:23.8350 DEBUG Restaurant_SAP.ViewModels.MapaMesasViewModel - La propiedad Mesas ha cambiado en MesasViewModel. Notificando cambios.
2025-05-06 15:08:23.8350 DEBUG Restaurant_SAP.ViewModels.MesasViewModel - La colección de mesas ha cambiado. Acción: Add.
2025-05-06 15:08:23.8350 DEBUG Restaurant_SAP.ViewModels.MapaMesasViewModel - La colección de mesas del mapa ha cambiado. Acción: Add.
2025-05-06 15:08:23.8350 DEBUG Restaurant_SAP.ViewModels.ReservasViewModel - La colección de mesas ha cambiado. Acción: Add.
2025-05-06 15:08:23.8350 DEBUG Restaurant_SAP.ViewModels.MapaMesasViewModel - La propiedad Mesas ha cambiado en MesasViewModel. Notificando cambios.
2025-05-06 15:08:23.8350 DEBUG Restaurant_SAP.ViewModels.MesasViewModel - La colección de mesas ha cambiado. Acción: Add.
2025-05-06 15:08:23.8350 DEBUG Restaurant_SAP.ViewModels.MapaMesasViewModel - La colección de mesas del mapa ha cambiado. Acción: Add.
2025-05-06 15:08:23.8477 DEBUG Restaurant_SAP.ViewModels.ReservasViewModel - La colección de mesas ha cambiado. Acción: Add.
2025-05-06 15:08:23.8477 DEBUG Restaurant_SAP.ViewModels.MapaMesasViewModel - La propiedad Mesas ha cambiado en MesasViewModel. Notificando cambios.
2025-05-06 15:08:23.8477 DEBUG Restaurant_SAP.ViewModels.MesasViewModel - La colección de mesas ha cambiado. Acción: Add.
2025-05-06 15:08:23.8477 DEBUG Restaurant_SAP.ViewModels.MapaMesasViewModel - La colección de mesas del mapa ha cambiado. Acción: Add.
2025-05-06 15:08:23.8477 DEBUG Restaurant_SAP.ViewModels.ReservasViewModel - La colección de mesas ha cambiado. Acción: Add.
2025-05-06 15:08:23.8477 DEBUG Restaurant_SAP.ViewModels.MapaMesasViewModel - La propiedad Mesas ha cambiado en MesasViewModel. Notificando cambios.
2025-05-06 15:08:23.8477 DEBUG Restaurant_SAP.ViewModels.MesasViewModel - La colección de mesas ha cambiado. Acción: Add.
2025-05-06 15:08:23.8477 DEBUG Restaurant_SAP.ViewModels.MapaMesasViewModel - La colección de mesas del mapa ha cambiado. Acción: Add.
2025-05-06 15:08:23.8477 DEBUG Restaurant_SAP.ViewModels.ReservasViewModel - La colección de mesas ha cambiado. Acción: Add.
2025-05-06 15:08:23.8477 DEBUG Restaurant_SAP.ViewModels.MapaMesasViewModel - La propiedad Mesas ha cambiado en MesasViewModel. Notificando cambios.
2025-05-06 15:08:23.8477 DEBUG Restaurant_SAP.ViewModels.MesasViewModel - La colección de mesas ha cambiado. Acción: Add.
2025-05-06 15:08:23.8477 DEBUG Restaurant_SAP.ViewModels.MapaMesasViewModel - La colección de mesas del mapa ha cambiado. Acción: Add.
2025-05-06 15:08:23.8477 DEBUG Restaurant_SAP.ViewModels.ReservasViewModel - La colección de mesas ha cambiado. Acción: Add.
2025-05-06 15:08:23.8477 DEBUG Restaurant_SAP.ViewModels.MapaMesasViewModel - La propiedad Mesas ha cambiado en MesasViewModel. Notificando cambios.
2025-05-06 15:08:23.8477 DEBUG Restaurant_SAP.ViewModels.MesasViewModel - La colección de mesas ha cambiado. Acción: Add.
2025-05-06 15:08:23.8477 DEBUG Restaurant_SAP.ViewModels.MapaMesasViewModel - La colección de mesas del mapa ha cambiado. Acción: Add.
2025-05-06 15:08:23.8477 DEBUG Restaurant_SAP.ViewModels.ReservasViewModel - La colección de mesas ha cambiado. Acción: Add.
2025-05-06 15:08:23.8477 DEBUG Restaurant_SAP.ViewModels.MapaMesasViewModel - La propiedad Mesas ha cambiado en MesasViewModel. Notificando cambios.
2025-05-06 15:08:23.8477 DEBUG Restaurant_SAP.ViewModels.MesasViewModel - La colección de mesas ha cambiado. Acción: Add.
2025-05-06 15:08:23.8477 DEBUG Restaurant_SAP.ViewModels.MapaMesasViewModel - La colección de mesas del mapa ha cambiado. Acción: Add.
2025-05-06 15:08:23.8477 DEBUG Restaurant_SAP.ViewModels.ReservasViewModel - La colección de mesas ha cambiado. Acción: Add.
2025-05-06 15:08:23.8477 DEBUG Restaurant_SAP.ViewModels.MapaMesasViewModel - La propiedad Mesas ha cambiado en MesasViewModel. Notificando cambios.
2025-05-06 15:08:23.8477 DEBUG Restaurant_SAP.ViewModels.MesasViewModel - La colección de mesas ha cambiado. Acción: Add.
2025-05-06 15:08:23.8477 DEBUG Restaurant_SAP.ViewModels.MapaMesasViewModel - La colección de mesas del mapa ha cambiado. Acción: Add.
2025-05-06 15:08:23.8477 DEBUG Restaurant_SAP.ViewModels.ReservasViewModel - La colección de mesas ha cambiado. Acción: Add.
2025-05-06 15:08:23.8477 DEBUG Restaurant_SAP.ViewModels.MapaMesasViewModel - La propiedad Mesas ha cambiado en MesasViewModel. Notificando cambios.
2025-05-06 15:08:23.8477 DEBUG Restaurant_SAP.ViewModels.MesasViewModel - La colección de mesas ha cambiado. Acción: Add.
2025-05-06 15:08:23.8477 DEBUG Restaurant_SAP.ViewModels.MapaMesasViewModel - La colección de mesas del mapa ha cambiado. Acción: Add.
2025-05-06 15:08:23.8629 DEBUG Restaurant_SAP.ViewModels.ReservasViewModel - La colección de mesas ha cambiado. Acción: Add.
2025-05-06 15:08:23.8629 INFO Restaurant_SAP.ViewModels.MesasViewModel - Se cargaron 11 mesas desde la base de datos.
2025-05-06 15:08:23.8629 DEBUG Restaurant_SAP.ViewModels.MapaMesasViewModel - La propiedad Mesas ha cambiado en MesasViewModel. Notificando cambios.
2025-05-06 15:08:23.8629 DEBUG Restaurant_SAP.ViewModels.MesasViewModel - Nueva mesa creada o modificada: Número: 0, Descripción: 
2025-05-06 15:08:23.8629 TRACE Restaurant_SAP.ViewModels.MesasViewModel - CanAgregarMesa llamado. Retornando: true.
2025-05-06 15:08:23.8629 DEBUG Restaurant_SAP.ViewModels.MesasViewModel - NuevaMesa restablecida.
2025-05-06 15:08:23.8629 TRACE Restaurant_SAP.ViewModels.MesasViewModel - Método AgregarMesa completado.
2025-05-06 15:08:38.0372 TRACE Restaurant_SAP.ViewModels.MesasViewModel - CanAgregarMesa llamado. Retornando: true.
2025-05-06 15:08:38.0372 TRACE Restaurant_SAP.ViewModels.MesasViewModel - Método AgregarMesa llamado.
2025-05-06 15:08:38.0372 INFO Restaurant_SAP.ViewModels.MesasViewModel - Mesa agregada. Número: 12, Descripción: Mesa 12 Grande 3, Estado: Libre.
2025-05-06 15:08:38.0372 DEBUG Restaurant_SAP.ViewModels.MapaMesasViewModel - La propiedad Mesas ha cambiado en MesasViewModel. Notificando cambios.
2025-05-06 15:08:38.0372 DEBUG Restaurant_SAP.ViewModels.MesasViewModel - La colección de mesas ha cambiado. Acción: Reset.
2025-05-06 15:08:38.0372 DEBUG Restaurant_SAP.ViewModels.MapaMesasViewModel - La colección de mesas del mapa ha cambiado. Acción: Reset.
2025-05-06 15:08:38.0372 DEBUG Restaurant_SAP.ViewModels.ReservasViewModel - La colección de mesas ha cambiado. Acción: Reset.
2025-05-06 15:08:38.0372 TRACE Restaurant_SAP.ViewModels.MesasViewModel - Cargando mesas desde la base de datos...
2025-05-06 15:08:38.0372 DEBUG Restaurant_SAP.ViewModels.MapaMesasViewModel - La propiedad Mesas ha cambiado en MesasViewModel. Notificando cambios.
2025-05-06 15:08:38.0516 DEBUG Restaurant_SAP.ViewModels.MesasViewModel - La colección de mesas ha cambiado. Acción: Add.
2025-05-06 15:08:38.0516 DEBUG Restaurant_SAP.ViewModels.MapaMesasViewModel - La colección de mesas del mapa ha cambiado. Acción: Add.
2025-05-06 15:08:38.0516 DEBUG Restaurant_SAP.ViewModels.ReservasViewModel - La colección de mesas ha cambiado. Acción: Add.
2025-05-06 15:08:38.0516 DEBUG Restaurant_SAP.ViewModels.MapaMesasViewModel - La propiedad Mesas ha cambiado en MesasViewModel. Notificando cambios.
2025-05-06 15:08:38.0516 DEBUG Restaurant_SAP.ViewModels.MesasViewModel - La colección de mesas ha cambiado. Acción: Add.
2025-05-06 15:08:38.0516 DEBUG Restaurant_SAP.ViewModels.MapaMesasViewModel - La colección de mesas del mapa ha cambiado. Acción: Add.
2025-05-06 15:08:38.0516 DEBUG Restaurant_SAP.ViewModels.ReservasViewModel - La colección de mesas ha cambiado. Acción: Add.
2025-05-06 15:08:38.0516 DEBUG Restaurant_SAP.ViewModels.MapaMesasViewModel - La propiedad Mesas ha cambiado en MesasViewModel. Notificando cambios.
2025-05-06 15:08:38.0516 DEBUG Restaurant_SAP.ViewModels.MesasViewModel - La colección de mesas ha cambiado. Acción: Add.
2025-05-06 15:08:38.0516 DEBUG Restaurant_SAP.ViewModels.MapaMesasViewModel - La colección de mesas del mapa ha cambiado. Acción: Add.
2025-05-06 15:08:38.0516 DEBUG Restaurant_SAP.ViewModels.ReservasViewModel - La colección de mesas ha cambiado. Acción: Add.
2025-05-06 15:08:38.0516 DEBUG Restaurant_SAP.ViewModels.MapaMesasViewModel - La propiedad Mesas ha cambiado en MesasViewModel. Notificando cambios.
2025-05-06 15:08:38.0516 DEBUG Restaurant_SAP.ViewModels.MesasViewModel - La colección de mesas ha cambiado. Acción: Add.
2025-05-06 15:08:38.0516 DEBUG Restaurant_SAP.ViewModels.MapaMesasViewModel - La colección de mesas del mapa ha cambiado. Acción: Add.
2025-05-06 15:08:38.0516 DEBUG Restaurant_SAP.ViewModels.ReservasViewModel - La colección de mesas ha cambiado. Acción: Add.
2025-05-06 15:08:38.0516 DEBUG Restaurant_SAP.ViewModels.MapaMesasViewModel - La propiedad Mesas ha cambiado en MesasViewModel. Notificando cambios.
2025-05-06 15:08:38.0516 DEBUG Restaurant_SAP.ViewModels.MesasViewModel - La colección de mesas ha cambiado. Acción: Add.
2025-05-06 15:08:38.0516 DEBUG Restaurant_SAP.ViewModels.MapaMesasViewModel - La colección de mesas del mapa ha cambiado. Acción: Add.
2025-05-06 15:08:38.0516 DEBUG Restaurant_SAP.ViewModels.ReservasViewModel - La colección de mesas ha cambiado. Acción: Add.
2025-05-06 15:08:38.0516 DEBUG Restaurant_SAP.ViewModels.MapaMesasViewModel - La propiedad Mesas ha cambiado en MesasViewModel. Notificando cambios.
2025-05-06 15:08:38.0516 DEBUG Restaurant_SAP.ViewModels.MesasViewModel - La colección de mesas ha cambiado. Acción: Add.
2025-05-06 15:08:38.0516 DEBUG Restaurant_SAP.ViewModels.MapaMesasViewModel - La colección de mesas del mapa ha cambiado. Acción: Add.
2025-05-06 15:08:38.0516 DEBUG Restaurant_SAP.ViewModels.ReservasViewModel - La colección de mesas ha cambiado. Acción: Add.
2025-05-06 15:08:38.0516 DEBUG Restaurant_SAP.ViewModels.MapaMesasViewModel - La propiedad Mesas ha cambiado en MesasViewModel. Notificando cambios.
2025-05-06 15:08:38.0516 DEBUG Restaurant_SAP.ViewModels.MesasViewModel - La colección de mesas ha cambiado. Acción: Add.
2025-05-06 15:08:38.0516 DEBUG Restaurant_SAP.ViewModels.MapaMesasViewModel - La colección de mesas del mapa ha cambiado. Acción: Add.
2025-05-06 15:08:38.0516 DEBUG Restaurant_SAP.ViewModels.ReservasViewModel - La colección de mesas ha cambiado. Acción: Add.
2025-05-06 15:08:38.0516 DEBUG Restaurant_SAP.ViewModels.MapaMesasViewModel - La propiedad Mesas ha cambiado en MesasViewModel. Notificando cambios.
2025-05-06 15:08:38.0516 DEBUG Restaurant_SAP.ViewModels.MesasViewModel - La colección de mesas ha cambiado. Acción: Add.
2025-05-06 15:08:38.0516 DEBUG Restaurant_SAP.ViewModels.MapaMesasViewModel - La colección de mesas del mapa ha cambiado. Acción: Add.
2025-05-06 15:08:38.0516 DEBUG Restaurant_SAP.ViewModels.ReservasViewModel - La colección de mesas ha cambiado. Acción: Add.
2025-05-06 15:08:38.0668 DEBUG Restaurant_SAP.ViewModels.MapaMesasViewModel - La propiedad Mesas ha cambiado en MesasViewModel. Notificando cambios.
2025-05-06 15:08:38.0668 DEBUG Restaurant_SAP.ViewModels.MesasViewModel - La colección de mesas ha cambiado. Acción: Add.
2025-05-06 15:08:38.0668 DEBUG Restaurant_SAP.ViewModels.MapaMesasViewModel - La colección de mesas del mapa ha cambiado. Acción: Add.
2025-05-06 15:08:38.0668 DEBUG Restaurant_SAP.ViewModels.ReservasViewModel - La colección de mesas ha cambiado. Acción: Add.
2025-05-06 15:08:38.0668 DEBUG Restaurant_SAP.ViewModels.MapaMesasViewModel - La propiedad Mesas ha cambiado en MesasViewModel. Notificando cambios.
2025-05-06 15:08:38.0668 DEBUG Restaurant_SAP.ViewModels.MesasViewModel - La colección de mesas ha cambiado. Acción: Add.
2025-05-06 15:08:38.0668 DEBUG Restaurant_SAP.ViewModels.MapaMesasViewModel - La colección de mesas del mapa ha cambiado. Acción: Add.
2025-05-06 15:08:38.0668 DEBUG Restaurant_SAP.ViewModels.ReservasViewModel - La colección de mesas ha cambiado. Acción: Add.
2025-05-06 15:08:38.0668 DEBUG Restaurant_SAP.ViewModels.MapaMesasViewModel - La propiedad Mesas ha cambiado en MesasViewModel. Notificando cambios.
2025-05-06 15:08:38.0668 DEBUG Restaurant_SAP.ViewModels.MesasViewModel - La colección de mesas ha cambiado. Acción: Add.
2025-05-06 15:08:38.0668 DEBUG Restaurant_SAP.ViewModels.MapaMesasViewModel - La colección de mesas del mapa ha cambiado. Acción: Add.
2025-05-06 15:08:38.0668 DEBUG Restaurant_SAP.ViewModels.ReservasViewModel - La colección de mesas ha cambiado. Acción: Add.
2025-05-06 15:08:38.0668 DEBUG Restaurant_SAP.ViewModels.MapaMesasViewModel - La propiedad Mesas ha cambiado en MesasViewModel. Notificando cambios.
2025-05-06 15:08:38.0668 DEBUG Restaurant_SAP.ViewModels.MesasViewModel - La colección de mesas ha cambiado. Acción: Add.
2025-05-06 15:08:38.0668 DEBUG Restaurant_SAP.ViewModels.MapaMesasViewModel - La colección de mesas del mapa ha cambiado. Acción: Add.
2025-05-06 15:08:38.0668 DEBUG Restaurant_SAP.ViewModels.ReservasViewModel - La colección de mesas ha cambiado. Acción: Add.
2025-05-06 15:08:38.0668 INFO Restaurant_SAP.ViewModels.MesasViewModel - Se cargaron 12 mesas desde la base de datos.
2025-05-06 15:08:38.0668 DEBUG Restaurant_SAP.ViewModels.MapaMesasViewModel - La propiedad Mesas ha cambiado en MesasViewModel. Notificando cambios.
2025-05-06 15:08:38.0668 DEBUG Restaurant_SAP.ViewModels.MesasViewModel - Nueva mesa creada o modificada: Número: 0, Descripción: 
2025-05-06 15:08:38.0668 TRACE Restaurant_SAP.ViewModels.MesasViewModel - CanAgregarMesa llamado. Retornando: true.
2025-05-06 15:08:38.0668 DEBUG Restaurant_SAP.ViewModels.MesasViewModel - NuevaMesa restablecida.
2025-05-06 15:08:38.0668 TRACE Restaurant_SAP.ViewModels.MesasViewModel - Método AgregarMesa completado.
2025-05-06 15:08:44.7431 TRACE Restaurant_SAP.ViewModels.MesasViewModel - Método VerificarReservas llamado por el timer.
2025-05-06 15:08:44.7431 DEBUG Restaurant_SAP.ViewModels.MesasViewModel - Verificando el estado de las mesas para reservas próximas a las: 6/5/2025 15:08:44.
2025-05-06 15:08:44.7431 DEBUG Restaurant_SAP.ViewModels.MesasViewModel - Se encontraron 0 reservas activas.
2025-05-06 15:08:44.7431 TRACE Restaurant_SAP.ViewModels.MesasViewModel - Método VerificarReservas completado.
2025-05-06 15:08:59.1420 TRACE Restaurant_SAP.ViewModels.MesasViewModel - CanAgregarMesa llamado. Retornando: true.
2025-05-06 15:08:59.1420 TRACE Restaurant_SAP.ViewModels.MesasViewModel - Método AgregarMesa llamado.
2025-05-06 15:08:59.1553 INFO Restaurant_SAP.ViewModels.MesasViewModel - Mesa agregada. Número: 13, Descripción: Mesa 13 Grande 4, Estado: Libre.
2025-05-06 15:08:59.1553 DEBUG Restaurant_SAP.ViewModels.MapaMesasViewModel - La propiedad Mesas ha cambiado en MesasViewModel. Notificando cambios.
2025-05-06 15:08:59.1553 DEBUG Restaurant_SAP.ViewModels.MesasViewModel - La colección de mesas ha cambiado. Acción: Reset.
2025-05-06 15:08:59.1553 DEBUG Restaurant_SAP.ViewModels.MapaMesasViewModel - La colección de mesas del mapa ha cambiado. Acción: Reset.
2025-05-06 15:08:59.1553 DEBUG Restaurant_SAP.ViewModels.ReservasViewModel - La colección de mesas ha cambiado. Acción: Reset.
2025-05-06 15:08:59.1553 TRACE Restaurant_SAP.ViewModels.MesasViewModel - Cargando mesas desde la base de datos...
2025-05-06 15:08:59.1553 DEBUG Restaurant_SAP.ViewModels.MapaMesasViewModel - La propiedad Mesas ha cambiado en MesasViewModel. Notificando cambios.
2025-05-06 15:08:59.1609 DEBUG Restaurant_SAP.ViewModels.MesasViewModel - La colección de mesas ha cambiado. Acción: Add.
2025-05-06 15:08:59.1609 DEBUG Restaurant_SAP.ViewModels.MapaMesasViewModel - La colección de mesas del mapa ha cambiado. Acción: Add.
2025-05-06 15:08:59.1609 DEBUG Restaurant_SAP.ViewModels.ReservasViewModel - La colección de mesas ha cambiado. Acción: Add.
2025-05-06 15:08:59.1609 DEBUG Restaurant_SAP.ViewModels.MapaMesasViewModel - La propiedad Mesas ha cambiado en MesasViewModel. Notificando cambios.
2025-05-06 15:08:59.1609 DEBUG Restaurant_SAP.ViewModels.MesasViewModel - La colección de mesas ha cambiado. Acción: Add.
2025-05-06 15:08:59.1609 DEBUG Restaurant_SAP.ViewModels.MapaMesasViewModel - La colección de mesas del mapa ha cambiado. Acción: Add.
2025-05-06 15:08:59.1609 DEBUG Restaurant_SAP.ViewModels.ReservasViewModel - La colección de mesas ha cambiado. Acción: Add.
2025-05-06 15:08:59.1609 DEBUG Restaurant_SAP.ViewModels.MapaMesasViewModel - La propiedad Mesas ha cambiado en MesasViewModel. Notificando cambios.
2025-05-06 15:08:59.1609 DEBUG Restaurant_SAP.ViewModels.MesasViewModel - La colección de mesas ha cambiado. Acción: Add.
2025-05-06 15:08:59.1609 DEBUG Restaurant_SAP.ViewModels.MapaMesasViewModel - La colección de mesas del mapa ha cambiado. Acción: Add.
2025-05-06 15:08:59.1609 DEBUG Restaurant_SAP.ViewModels.ReservasViewModel - La colección de mesas ha cambiado. Acción: Add.
2025-05-06 15:08:59.1609 DEBUG Restaurant_SAP.ViewModels.MapaMesasViewModel - La propiedad Mesas ha cambiado en MesasViewModel. Notificando cambios.
2025-05-06 15:08:59.1609 DEBUG Restaurant_SAP.ViewModels.MesasViewModel - La colección de mesas ha cambiado. Acción: Add.
2025-05-06 15:08:59.1609 DEBUG Restaurant_SAP.ViewModels.MapaMesasViewModel - La colección de mesas del mapa ha cambiado. Acción: Add.
2025-05-06 15:08:59.1609 DEBUG Restaurant_SAP.ViewModels.ReservasViewModel - La colección de mesas ha cambiado. Acción: Add.
2025-05-06 15:08:59.1609 DEBUG Restaurant_SAP.ViewModels.MapaMesasViewModel - La propiedad Mesas ha cambiado en MesasViewModel. Notificando cambios.
2025-05-06 15:08:59.1609 DEBUG Restaurant_SAP.ViewModels.MesasViewModel - La colección de mesas ha cambiado. Acción: Add.
2025-05-06 15:08:59.1609 DEBUG Restaurant_SAP.ViewModels.MapaMesasViewModel - La colección de mesas del mapa ha cambiado. Acción: Add.
2025-05-06 15:08:59.1609 DEBUG Restaurant_SAP.ViewModels.ReservasViewModel - La colección de mesas ha cambiado. Acción: Add.
2025-05-06 15:08:59.1609 DEBUG Restaurant_SAP.ViewModels.MapaMesasViewModel - La propiedad Mesas ha cambiado en MesasViewModel. Notificando cambios.
2025-05-06 15:08:59.1609 DEBUG Restaurant_SAP.ViewModels.MesasViewModel - La colección de mesas ha cambiado. Acción: Add.
2025-05-06 15:08:59.1609 DEBUG Restaurant_SAP.ViewModels.MapaMesasViewModel - La colección de mesas del mapa ha cambiado. Acción: Add.
2025-05-06 15:08:59.1609 DEBUG Restaurant_SAP.ViewModels.ReservasViewModel - La colección de mesas ha cambiado. Acción: Add.
2025-05-06 15:08:59.1609 DEBUG Restaurant_SAP.ViewModels.MapaMesasViewModel - La propiedad Mesas ha cambiado en MesasViewModel. Notificando cambios.
2025-05-06 15:08:59.1609 DEBUG Restaurant_SAP.ViewModels.MesasViewModel - La colección de mesas ha cambiado. Acción: Add.
2025-05-06 15:08:59.1609 DEBUG Restaurant_SAP.ViewModels.MapaMesasViewModel - La colección de mesas del mapa ha cambiado. Acción: Add.
2025-05-06 15:08:59.1609 DEBUG Restaurant_SAP.ViewModels.ReservasViewModel - La colección de mesas ha cambiado. Acción: Add.
2025-05-06 15:08:59.1609 DEBUG Restaurant_SAP.ViewModels.MapaMesasViewModel - La propiedad Mesas ha cambiado en MesasViewModel. Notificando cambios.
2025-05-06 15:08:59.1609 DEBUG Restaurant_SAP.ViewModels.MesasViewModel - La colección de mesas ha cambiado. Acción: Add.
2025-05-06 15:08:59.1609 DEBUG Restaurant_SAP.ViewModels.MapaMesasViewModel - La colección de mesas del mapa ha cambiado. Acción: Add.
2025-05-06 15:08:59.1609 DEBUG Restaurant_SAP.ViewModels.ReservasViewModel - La colección de mesas ha cambiado. Acción: Add.
2025-05-06 15:08:59.1609 DEBUG Restaurant_SAP.ViewModels.MapaMesasViewModel - La propiedad Mesas ha cambiado en MesasViewModel. Notificando cambios.
2025-05-06 15:08:59.1757 DEBUG Restaurant_SAP.ViewModels.MesasViewModel - La colección de mesas ha cambiado. Acción: Add.
2025-05-06 15:08:59.1757 DEBUG Restaurant_SAP.ViewModels.MapaMesasViewModel - La colección de mesas del mapa ha cambiado. Acción: Add.
2025-05-06 15:08:59.1757 DEBUG Restaurant_SAP.ViewModels.ReservasViewModel - La colección de mesas ha cambiado. Acción: Add.
2025-05-06 15:08:59.1757 DEBUG Restaurant_SAP.ViewModels.MapaMesasViewModel - La propiedad Mesas ha cambiado en MesasViewModel. Notificando cambios.
2025-05-06 15:08:59.1757 DEBUG Restaurant_SAP.ViewModels.MesasViewModel - La colección de mesas ha cambiado. Acción: Add.
2025-05-06 15:08:59.1757 DEBUG Restaurant_SAP.ViewModels.MapaMesasViewModel - La colección de mesas del mapa ha cambiado. Acción: Add.
2025-05-06 15:08:59.1757 DEBUG Restaurant_SAP.ViewModels.ReservasViewModel - La colección de mesas ha cambiado. Acción: Add.
2025-05-06 15:08:59.1757 DEBUG Restaurant_SAP.ViewModels.MapaMesasViewModel - La propiedad Mesas ha cambiado en MesasViewModel. Notificando cambios.
2025-05-06 15:08:59.1757 DEBUG Restaurant_SAP.ViewModels.MesasViewModel - La colección de mesas ha cambiado. Acción: Add.
2025-05-06 15:08:59.1757 DEBUG Restaurant_SAP.ViewModels.MapaMesasViewModel - La colección de mesas del mapa ha cambiado. Acción: Add.
2025-05-06 15:08:59.1757 DEBUG Restaurant_SAP.ViewModels.ReservasViewModel - La colección de mesas ha cambiado. Acción: Add.
2025-05-06 15:08:59.1757 DEBUG Restaurant_SAP.ViewModels.MapaMesasViewModel - La propiedad Mesas ha cambiado en MesasViewModel. Notificando cambios.
2025-05-06 15:08:59.1757 DEBUG Restaurant_SAP.ViewModels.MesasViewModel - La colección de mesas ha cambiado. Acción: Add.
2025-05-06 15:08:59.1757 DEBUG Restaurant_SAP.ViewModels.MapaMesasViewModel - La colección de mesas del mapa ha cambiado. Acción: Add.
2025-05-06 15:08:59.1757 DEBUG Restaurant_SAP.ViewModels.ReservasViewModel - La colección de mesas ha cambiado. Acción: Add.
2025-05-06 15:08:59.1757 DEBUG Restaurant_SAP.ViewModels.MapaMesasViewModel - La propiedad Mesas ha cambiado en MesasViewModel. Notificando cambios.
2025-05-06 15:08:59.1757 DEBUG Restaurant_SAP.ViewModels.MesasViewModel - La colección de mesas ha cambiado. Acción: Add.
2025-05-06 15:08:59.1757 DEBUG Restaurant_SAP.ViewModels.MapaMesasViewModel - La colección de mesas del mapa ha cambiado. Acción: Add.
2025-05-06 15:08:59.1757 DEBUG Restaurant_SAP.ViewModels.ReservasViewModel - La colección de mesas ha cambiado. Acción: Add.
2025-05-06 15:08:59.1757 INFO Restaurant_SAP.ViewModels.MesasViewModel - Se cargaron 13 mesas desde la base de datos.
2025-05-06 15:08:59.1757 DEBUG Restaurant_SAP.ViewModels.MapaMesasViewModel - La propiedad Mesas ha cambiado en MesasViewModel. Notificando cambios.
2025-05-06 15:08:59.2158 DEBUG Restaurant_SAP.ViewModels.MesasViewModel - Nueva mesa creada o modificada: Número: 0, Descripción: 
2025-05-06 15:08:59.2158 TRACE Restaurant_SAP.ViewModels.MesasViewModel - CanAgregarMesa llamado. Retornando: true.
2025-05-06 15:08:59.2158 DEBUG Restaurant_SAP.ViewModels.MesasViewModel - NuevaMesa restablecida.
2025-05-06 15:08:59.2158 TRACE Restaurant_SAP.ViewModels.MesasViewModel - Método AgregarMesa completado.
2025-05-06 15:09:44.7433 TRACE Restaurant_SAP.ViewModels.MesasViewModel - Método VerificarReservas llamado por el timer.
2025-05-06 15:09:44.7433 DEBUG Restaurant_SAP.ViewModels.MesasViewModel - Verificando el estado de las mesas para reservas próximas a las: 6/5/2025 15:09:44.
2025-05-06 15:09:44.7433 DEBUG Restaurant_SAP.ViewModels.MesasViewModel - Se encontraron 0 reservas activas.
2025-05-06 15:09:44.7433 TRACE Restaurant_SAP.ViewModels.MesasViewModel - Método VerificarReservas completado.
2025-05-06 15:09:47.7162 TRACE Restaurant_SAP.ViewModels.MesasViewModel - CanAgregarMesa llamado. Retornando: true.
2025-05-06 15:09:47.7162 TRACE Restaurant_SAP.ViewModels.MesasViewModel - Método AgregarMesa llamado.
2025-05-06 15:09:47.7276 INFO Restaurant_SAP.ViewModels.MesasViewModel - Mesa agregada. Número: 14, Descripción: Mesa 14, Estado: Libre.
2025-05-06 15:09:47.7276 DEBUG Restaurant_SAP.ViewModels.MapaMesasViewModel - La propiedad Mesas ha cambiado en MesasViewModel. Notificando cambios.
2025-05-06 15:09:47.7276 DEBUG Restaurant_SAP.ViewModels.MesasViewModel - La colección de mesas ha cambiado. Acción: Reset.
2025-05-06 15:09:47.7276 DEBUG Restaurant_SAP.ViewModels.MapaMesasViewModel - La colección de mesas del mapa ha cambiado. Acción: Reset.
2025-05-06 15:09:47.7276 DEBUG Restaurant_SAP.ViewModels.ReservasViewModel - La colección de mesas ha cambiado. Acción: Reset.
2025-05-06 15:09:47.7276 TRACE Restaurant_SAP.ViewModels.MesasViewModel - Cargando mesas desde la base de datos...
2025-05-06 15:09:47.7276 DEBUG Restaurant_SAP.ViewModels.MapaMesasViewModel - La propiedad Mesas ha cambiado en MesasViewModel. Notificando cambios.
2025-05-06 15:09:47.7276 DEBUG Restaurant_SAP.ViewModels.MesasViewModel - La colección de mesas ha cambiado. Acción: Add.
2025-05-06 15:09:47.7276 DEBUG Restaurant_SAP.ViewModels.MapaMesasViewModel - La colección de mesas del mapa ha cambiado. Acción: Add.
2025-05-06 15:09:47.7389 DEBUG Restaurant_SAP.ViewModels.ReservasViewModel - La colección de mesas ha cambiado. Acción: Add.
2025-05-06 15:09:47.7389 DEBUG Restaurant_SAP.ViewModels.MapaMesasViewModel - La propiedad Mesas ha cambiado en MesasViewModel. Notificando cambios.
2025-05-06 15:09:47.7389 DEBUG Restaurant_SAP.ViewModels.MesasViewModel - La colección de mesas ha cambiado. Acción: Add.
2025-05-06 15:09:47.7389 DEBUG Restaurant_SAP.ViewModels.MapaMesasViewModel - La colección de mesas del mapa ha cambiado. Acción: Add.
2025-05-06 15:09:47.7389 DEBUG Restaurant_SAP.ViewModels.ReservasViewModel - La colección de mesas ha cambiado. Acción: Add.
2025-05-06 15:09:47.7389 DEBUG Restaurant_SAP.ViewModels.MapaMesasViewModel - La propiedad Mesas ha cambiado en MesasViewModel. Notificando cambios.
2025-05-06 15:09:47.7389 DEBUG Restaurant_SAP.ViewModels.MesasViewModel - La colección de mesas ha cambiado. Acción: Add.
2025-05-06 15:09:47.7389 DEBUG Restaurant_SAP.ViewModels.MapaMesasViewModel - La colección de mesas del mapa ha cambiado. Acción: Add.
2025-05-06 15:09:47.7389 DEBUG Restaurant_SAP.ViewModels.ReservasViewModel - La colección de mesas ha cambiado. Acción: Add.
2025-05-06 15:09:47.7389 DEBUG Restaurant_SAP.ViewModels.MapaMesasViewModel - La propiedad Mesas ha cambiado en MesasViewModel. Notificando cambios.
2025-05-06 15:09:47.7389 DEBUG Restaurant_SAP.ViewModels.MesasViewModel - La colección de mesas ha cambiado. Acción: Add.
2025-05-06 15:09:47.7389 DEBUG Restaurant_SAP.ViewModels.MapaMesasViewModel - La colección de mesas del mapa ha cambiado. Acción: Add.
2025-05-06 15:09:47.7389 DEBUG Restaurant_SAP.ViewModels.ReservasViewModel - La colección de mesas ha cambiado. Acción: Add.
2025-05-06 15:09:47.7389 DEBUG Restaurant_SAP.ViewModels.MapaMesasViewModel - La propiedad Mesas ha cambiado en MesasViewModel. Notificando cambios.
2025-05-06 15:09:47.7389 DEBUG Restaurant_SAP.ViewModels.MesasViewModel - La colección de mesas ha cambiado. Acción: Add.
2025-05-06 15:09:47.7389 DEBUG Restaurant_SAP.ViewModels.MapaMesasViewModel - La colección de mesas del mapa ha cambiado. Acción: Add.
2025-05-06 15:09:47.7389 DEBUG Restaurant_SAP.ViewModels.ReservasViewModel - La colección de mesas ha cambiado. Acción: Add.
2025-05-06 15:09:47.7389 DEBUG Restaurant_SAP.ViewModels.MapaMesasViewModel - La propiedad Mesas ha cambiado en MesasViewModel. Notificando cambios.
2025-05-06 15:09:47.7389 DEBUG Restaurant_SAP.ViewModels.MesasViewModel - La colección de mesas ha cambiado. Acción: Add.
2025-05-06 15:09:47.7389 DEBUG Restaurant_SAP.ViewModels.MapaMesasViewModel - La colección de mesas del mapa ha cambiado. Acción: Add.
2025-05-06 15:09:47.7389 DEBUG Restaurant_SAP.ViewModels.ReservasViewModel - La colección de mesas ha cambiado. Acción: Add.
2025-05-06 15:09:47.7389 DEBUG Restaurant_SAP.ViewModels.MapaMesasViewModel - La propiedad Mesas ha cambiado en MesasViewModel. Notificando cambios.
2025-05-06 15:09:47.7389 DEBUG Restaurant_SAP.ViewModels.MesasViewModel - La colección de mesas ha cambiado. Acción: Add.
2025-05-06 15:09:47.7389 DEBUG Restaurant_SAP.ViewModels.MapaMesasViewModel - La colección de mesas del mapa ha cambiado. Acción: Add.
2025-05-06 15:09:47.7389 DEBUG Restaurant_SAP.ViewModels.ReservasViewModel - La colección de mesas ha cambiado. Acción: Add.
2025-05-06 15:09:47.7389 DEBUG Restaurant_SAP.ViewModels.MapaMesasViewModel - La propiedad Mesas ha cambiado en MesasViewModel. Notificando cambios.
2025-05-06 15:09:47.7535 DEBUG Restaurant_SAP.ViewModels.MesasViewModel - La colección de mesas ha cambiado. Acción: Add.
2025-05-06 15:09:47.7535 DEBUG Restaurant_SAP.ViewModels.MapaMesasViewModel - La colección de mesas del mapa ha cambiado. Acción: Add.
2025-05-06 15:09:47.7535 DEBUG Restaurant_SAP.ViewModels.ReservasViewModel - La colección de mesas ha cambiado. Acción: Add.
2025-05-06 15:09:47.7535 DEBUG Restaurant_SAP.ViewModels.MapaMesasViewModel - La propiedad Mesas ha cambiado en MesasViewModel. Notificando cambios.
2025-05-06 15:09:47.7535 DEBUG Restaurant_SAP.ViewModels.MesasViewModel - La colección de mesas ha cambiado. Acción: Add.
2025-05-06 15:09:47.7535 DEBUG Restaurant_SAP.ViewModels.MapaMesasViewModel - La colección de mesas del mapa ha cambiado. Acción: Add.
2025-05-06 15:09:47.7535 DEBUG Restaurant_SAP.ViewModels.ReservasViewModel - La colección de mesas ha cambiado. Acción: Add.
2025-05-06 15:09:47.7535 DEBUG Restaurant_SAP.ViewModels.MapaMesasViewModel - La propiedad Mesas ha cambiado en MesasViewModel. Notificando cambios.
2025-05-06 15:09:47.7535 DEBUG Restaurant_SAP.ViewModels.MesasViewModel - La colección de mesas ha cambiado. Acción: Add.
2025-05-06 15:09:47.7535 DEBUG Restaurant_SAP.ViewModels.MapaMesasViewModel - La colección de mesas del mapa ha cambiado. Acción: Add.
2025-05-06 15:09:47.7535 DEBUG Restaurant_SAP.ViewModels.ReservasViewModel - La colección de mesas ha cambiado. Acción: Add.
2025-05-06 15:09:47.7535 DEBUG Restaurant_SAP.ViewModels.MapaMesasViewModel - La propiedad Mesas ha cambiado en MesasViewModel. Notificando cambios.
2025-05-06 15:09:47.7535 DEBUG Restaurant_SAP.ViewModels.MesasViewModel - La colección de mesas ha cambiado. Acción: Add.
2025-05-06 15:09:47.7535 DEBUG Restaurant_SAP.ViewModels.MapaMesasViewModel - La colección de mesas del mapa ha cambiado. Acción: Add.
2025-05-06 15:09:47.7535 DEBUG Restaurant_SAP.ViewModels.ReservasViewModel - La colección de mesas ha cambiado. Acción: Add.
2025-05-06 15:09:47.7535 DEBUG Restaurant_SAP.ViewModels.MapaMesasViewModel - La propiedad Mesas ha cambiado en MesasViewModel. Notificando cambios.
2025-05-06 15:09:47.7535 DEBUG Restaurant_SAP.ViewModels.MesasViewModel - La colección de mesas ha cambiado. Acción: Add.
2025-05-06 15:09:47.7535 DEBUG Restaurant_SAP.ViewModels.MapaMesasViewModel - La colección de mesas del mapa ha cambiado. Acción: Add.
2025-05-06 15:09:47.7535 DEBUG Restaurant_SAP.ViewModels.ReservasViewModel - La colección de mesas ha cambiado. Acción: Add.
2025-05-06 15:09:47.7535 DEBUG Restaurant_SAP.ViewModels.MapaMesasViewModel - La propiedad Mesas ha cambiado en MesasViewModel. Notificando cambios.
2025-05-06 15:09:47.7535 DEBUG Restaurant_SAP.ViewModels.MesasViewModel - La colección de mesas ha cambiado. Acción: Add.
2025-05-06 15:09:47.7535 DEBUG Restaurant_SAP.ViewModels.MapaMesasViewModel - La colección de mesas del mapa ha cambiado. Acción: Add.
2025-05-06 15:09:47.7535 DEBUG Restaurant_SAP.ViewModels.ReservasViewModel - La colección de mesas ha cambiado. Acción: Add.
2025-05-06 15:09:47.7535 DEBUG Restaurant_SAP.ViewModels.MapaMesasViewModel - La propiedad Mesas ha cambiado en MesasViewModel. Notificando cambios.
2025-05-06 15:09:47.7535 DEBUG Restaurant_SAP.ViewModels.MesasViewModel - La colección de mesas ha cambiado. Acción: Add.
2025-05-06 15:09:47.7535 DEBUG Restaurant_SAP.ViewModels.MapaMesasViewModel - La colección de mesas del mapa ha cambiado. Acción: Add.
2025-05-06 15:09:47.7535 DEBUG Restaurant_SAP.ViewModels.ReservasViewModel - La colección de mesas ha cambiado. Acción: Add.
2025-05-06 15:09:47.7535 INFO Restaurant_SAP.ViewModels.MesasViewModel - Se cargaron 14 mesas desde la base de datos.
2025-05-06 15:09:47.7535 DEBUG Restaurant_SAP.ViewModels.MapaMesasViewModel - La propiedad Mesas ha cambiado en MesasViewModel. Notificando cambios.
2025-05-06 15:09:47.7535 DEBUG Restaurant_SAP.ViewModels.MesasViewModel - Nueva mesa creada o modificada: Número: 0, Descripción: 
2025-05-06 15:09:47.7535 TRACE Restaurant_SAP.ViewModels.MesasViewModel - CanAgregarMesa llamado. Retornando: true.
2025-05-06 15:09:47.7535 DEBUG Restaurant_SAP.ViewModels.MesasViewModel - NuevaMesa restablecida.
2025-05-06 15:09:47.7535 TRACE Restaurant_SAP.ViewModels.MesasViewModel - Método AgregarMesa completado.
2025-05-06 15:10:44.7410 TRACE Restaurant_SAP.ViewModels.MesasViewModel - Método VerificarReservas llamado por el timer.
2025-05-06 15:10:44.7410 DEBUG Restaurant_SAP.ViewModels.MesasViewModel - Verificando el estado de las mesas para reservas próximas a las: 6/5/2025 15:10:44.
2025-05-06 15:10:44.7410 DEBUG Restaurant_SAP.ViewModels.MesasViewModel - Se encontraron 0 reservas activas.
2025-05-06 15:10:44.7410 TRACE Restaurant_SAP.ViewModels.MesasViewModel - Método VerificarReservas completado.
2025-05-06 15:11:44.8733 TRACE Restaurant_SAP.ViewModels.MesasViewModel - Método VerificarReservas llamado por el timer.
2025-05-06 15:11:44.8733 DEBUG Restaurant_SAP.ViewModels.MesasViewModel - Verificando el estado de las mesas para reservas próximas a las: 6/5/2025 15:11:44.
2025-05-06 15:11:44.8791 DEBUG Restaurant_SAP.ViewModels.MesasViewModel - Se encontraron 0 reservas activas.
2025-05-06 15:11:44.8791 TRACE Restaurant_SAP.ViewModels.MesasViewModel - Método VerificarReservas completado.
2025-05-06 15:12:26.0561 TRACE Restaurant_SAP.ViewModels.MenusViewModel - CanAgregarMenu llamado. Retornando: true.
2025-05-06 15:12:26.0561 TRACE Restaurant_SAP.ViewModels.MenusViewModel - Método AgregarMenu llamado.
2025-05-06 15:12:26.1083 INFO Restaurant_SAP.ViewModels.MenusViewModel - Menú agregado. Nombre: Hamburguesa Clásica, Descripción: Hamburguesa Carne, Lechuga, Tomate y Salsa de la casa, Precio: 8.
2025-05-06 15:12:26.1083 DEBUG Restaurant_SAP.ViewModels.MenusViewModel - La colección de menús ha cambiado. Acción: Reset.
2025-05-06 15:12:26.1083 TRACE Restaurant_SAP.ViewModels.MenusViewModel - Cargando menús desde la base de datos...
2025-05-06 15:12:26.1140 DEBUG Restaurant_SAP.ViewModels.MenusViewModel - La colección de menús ha cambiado. Acción: Add.
2025-05-06 15:12:26.1140 DEBUG Restaurant_SAP.ViewModels.MenusViewModel - La colección de menús ha cambiado. Acción: Add.
2025-05-06 15:12:26.1140 DEBUG Restaurant_SAP.ViewModels.MenusViewModel - La colección de menús ha cambiado. Acción: Add.
2025-05-06 15:12:26.1140 DEBUG Restaurant_SAP.ViewModels.MenusViewModel - La colección de menús ha cambiado. Acción: Add.
2025-05-06 15:12:26.1140 DEBUG Restaurant_SAP.ViewModels.MenusViewModel - La colección de menús ha cambiado. Acción: Add.
2025-05-06 15:12:26.1140 INFO Restaurant_SAP.ViewModels.MenusViewModel - Se cargaron 5 menús desde la base de datos.
2025-05-06 15:12:26.1405 DEBUG Restaurant_SAP.ViewModels.MenusViewModel - Nuevo menú creado o modificado: Nombre: , Descripción: , Precio: 0.
2025-05-06 15:12:26.1405 TRACE Restaurant_SAP.ViewModels.MenusViewModel - CanAgregarMenu llamado. Retornando: true.
2025-05-06 15:12:26.1405 DEBUG Restaurant_SAP.ViewModels.MenusViewModel - NuevoMenu restablecido.
2025-05-06 15:12:26.1443 TRACE Restaurant_SAP.ViewModels.MenusViewModel - Método AgregarMenu completado.
2025-05-06 15:12:44.8923 TRACE Restaurant_SAP.ViewModels.MesasViewModel - Método VerificarReservas llamado por el timer.
2025-05-06 15:12:44.8923 DEBUG Restaurant_SAP.ViewModels.MesasViewModel - Verificando el estado de las mesas para reservas próximas a las: 6/5/2025 15:12:44.
2025-05-06 15:12:44.8987 DEBUG Restaurant_SAP.ViewModels.MesasViewModel - Se encontraron 0 reservas activas.
2025-05-06 15:12:44.8987 TRACE Restaurant_SAP.ViewModels.MesasViewModel - Método VerificarReservas completado.
2025-05-06 15:13:33.2692 TRACE Restaurant_SAP.ViewModels.MenusViewModel - CanAgregarMenu llamado. Retornando: true.
2025-05-06 15:13:33.2705 TRACE Restaurant_SAP.ViewModels.MenusViewModel - Método AgregarMenu llamado.
2025-05-06 15:13:33.2705 INFO Restaurant_SAP.ViewModels.MenusViewModel - Menú agregado. Nombre: Hamburguesa Picante, Descripción: Hamburguesa Carne/Pollo, Queso, Tocino y Salsa Picante, Precio: 9,1.
2025-05-06 15:13:33.2705 DEBUG Restaurant_SAP.ViewModels.MenusViewModel - La colección de menús ha cambiado. Acción: Reset.
2025-05-06 15:13:33.2705 TRACE Restaurant_SAP.ViewModels.MenusViewModel - Cargando menús desde la base de datos...
2025-05-06 15:13:33.2705 DEBUG Restaurant_SAP.ViewModels.MenusViewModel - La colección de menús ha cambiado. Acción: Add.
2025-05-06 15:13:33.2859 DEBUG Restaurant_SAP.ViewModels.MenusViewModel - La colección de menús ha cambiado. Acción: Add.
2025-05-06 15:13:33.2859 DEBUG Restaurant_SAP.ViewModels.MenusViewModel - La colección de menús ha cambiado. Acción: Add.
2025-05-06 15:13:33.2859 DEBUG Restaurant_SAP.ViewModels.MenusViewModel - La colección de menús ha cambiado. Acción: Add.
2025-05-06 15:13:33.2859 DEBUG Restaurant_SAP.ViewModels.MenusViewModel - La colección de menús ha cambiado. Acción: Add.
2025-05-06 15:13:33.2859 DEBUG Restaurant_SAP.ViewModels.MenusViewModel - La colección de menús ha cambiado. Acción: Add.
2025-05-06 15:13:33.2859 INFO Restaurant_SAP.ViewModels.MenusViewModel - Se cargaron 6 menús desde la base de datos.
2025-05-06 15:13:33.2859 DEBUG Restaurant_SAP.ViewModels.MenusViewModel - Nuevo menú creado o modificado: Nombre: , Descripción: , Precio: 0.
2025-05-06 15:13:33.2859 TRACE Restaurant_SAP.ViewModels.MenusViewModel - CanAgregarMenu llamado. Retornando: true.
2025-05-06 15:13:33.2859 DEBUG Restaurant_SAP.ViewModels.MenusViewModel - NuevoMenu restablecido.
2025-05-06 15:13:33.2859 TRACE Restaurant_SAP.ViewModels.MenusViewModel - Método AgregarMenu completado.
2025-05-06 15:13:40.7414 TRACE Restaurant_SAP.ViewModels.HistorialEconomicoViewModel - Cargando menús y mesas para los filtros.
2025-05-06 15:13:40.7414 DEBUG Restaurant_SAP.ViewModels.HistorialEconomicoViewModel - Menú seleccionado para el filtro: Todos.
2025-05-06 15:13:40.7414 INFO Restaurant_SAP.ViewModels.HistorialEconomicoViewModel - Se cargaron 6 menús para el filtro.
2025-05-06 15:13:40.7414 DEBUG Restaurant_SAP.ViewModels.HistorialEconomicoViewModel - Mesa seleccionada para el filtro: Todos.
2025-05-06 15:13:40.7414 INFO Restaurant_SAP.ViewModels.HistorialEconomicoViewModel - Se cargaron 14 mesas para el filtro.
2025-05-06 15:13:40.7414 DEBUG Restaurant_SAP.ViewModels.HistorialEconomicoViewModel - Total económico actualizado: 0.
2025-05-06 15:13:40.7414 DEBUG Restaurant_SAP.ViewModels.HistorialEconomicoViewModel - Pedidos y total inicializados/limpiados.
2025-05-06 15:13:40.7414 DEBUG Restaurant_SAP.ViewModels.HistorialEconomicoViewModel - Mesa seleccionada para el filtro: Todos.
2025-05-06 15:13:40.7414 DEBUG Restaurant_SAP.ViewModels.HistorialEconomicoViewModel - Menú seleccionado para el filtro: Todos.
2025-05-06 15:13:40.7414 DEBUG Restaurant_SAP.ViewModels.HistorialEconomicoViewModel - Filtros de mesa y menú establecidos en 'Todos' inicialmente.
2025-05-06 15:13:40.7414 TRACE Restaurant_SAP.ViewModels.HistorialEconomicoViewModel - Carga de menús y mesas completada.
2025-05-06 15:13:42.4892 TRACE Restaurant_SAP.ViewModels.HistorialEconomicoViewModel - Cargando menús y mesas para los filtros.
2025-05-06 15:13:42.4892 DEBUG Restaurant_SAP.ViewModels.HistorialEconomicoViewModel - Menú seleccionado para el filtro: Todos.
2025-05-06 15:13:42.4892 INFO Restaurant_SAP.ViewModels.HistorialEconomicoViewModel - Se cargaron 6 menús para el filtro.
2025-05-06 15:13:42.4892 DEBUG Restaurant_SAP.ViewModels.HistorialEconomicoViewModel - Mesa seleccionada para el filtro: Todos.
2025-05-06 15:13:42.4892 INFO Restaurant_SAP.ViewModels.HistorialEconomicoViewModel - Se cargaron 14 mesas para el filtro.
2025-05-06 15:13:42.4892 DEBUG Restaurant_SAP.ViewModels.HistorialEconomicoViewModel - Total económico actualizado: 0.
2025-05-06 15:13:42.4892 DEBUG Restaurant_SAP.ViewModels.HistorialEconomicoViewModel - Pedidos y total inicializados/limpiados.
2025-05-06 15:13:42.4892 DEBUG Restaurant_SAP.ViewModels.HistorialEconomicoViewModel - Mesa seleccionada para el filtro: Todos.
2025-05-06 15:13:42.4892 DEBUG Restaurant_SAP.ViewModels.HistorialEconomicoViewModel - Menú seleccionado para el filtro: Todos.
2025-05-06 15:13:42.4892 DEBUG Restaurant_SAP.ViewModels.HistorialEconomicoViewModel - Filtros de mesa y menú establecidos en 'Todos' inicialmente.
2025-05-06 15:13:42.4892 TRACE Restaurant_SAP.ViewModels.HistorialEconomicoViewModel - Carga de menús y mesas completada.
2025-05-06 15:13:44.9136 TRACE Restaurant_SAP.ViewModels.MesasViewModel - Método VerificarReservas llamado por el timer.
2025-05-06 15:13:44.9136 DEBUG Restaurant_SAP.ViewModels.MesasViewModel - Verificando el estado de las mesas para reservas próximas a las: 6/5/2025 15:13:44.
2025-05-06 15:13:44.9136 DEBUG Restaurant_SAP.ViewModels.MesasViewModel - Se encontraron 0 reservas activas.
2025-05-06 15:13:44.9136 TRACE Restaurant_SAP.ViewModels.MesasViewModel - Método VerificarReservas completado.
2025-05-06 15:13:45.1179 TRACE Restaurant_SAP.ViewModels.HistorialEconomicoViewModel - Método BuscarPedidos llamado.
2025-05-06 15:13:45.1179 DEBUG Restaurant_SAP.ViewModels.HistorialEconomicoViewModel - Iniciando búsqueda de pedidos pagados.
2025-05-06 15:13:45.2132 DEBUG Restaurant_SAP.ViewModels.HistorialEconomicoViewModel - Colección de pedidos para el historial actualizada. Nuevo conteo: 16.
2025-05-06 15:13:45.2132 DEBUG Restaurant_SAP.ViewModels.HistorialEconomicoViewModel - Total económico actualizado: 266.
2025-05-06 15:13:45.2132 INFO Restaurant_SAP.ViewModels.HistorialEconomicoViewModel - Se encontraron 16 pedidos con los criterios de búsqueda. Total: 266.
2025-05-06 15:13:45.2132 TRACE Restaurant_SAP.ViewModels.HistorialEconomicoViewModel - Método BuscarPedidos completado.
2025-05-06 15:14:16.8667 TRACE Restaurant_SAP.ViewModels.HistorialEconomicoViewModel - Cargando menús y mesas para los filtros.
2025-05-06 15:14:16.8667 DEBUG Restaurant_SAP.ViewModels.HistorialEconomicoViewModel - Menú seleccionado para el filtro: Todos.
2025-05-06 15:14:16.8667 INFO Restaurant_SAP.ViewModels.HistorialEconomicoViewModel - Se cargaron 6 menús para el filtro.
2025-05-06 15:14:16.8667 DEBUG Restaurant_SAP.ViewModels.HistorialEconomicoViewModel - Mesa seleccionada para el filtro: Todos.
2025-05-06 15:14:16.8667 INFO Restaurant_SAP.ViewModels.HistorialEconomicoViewModel - Se cargaron 14 mesas para el filtro.
2025-05-06 15:14:16.8667 DEBUG Restaurant_SAP.ViewModels.HistorialEconomicoViewModel - Total económico actualizado: 0.
2025-05-06 15:14:16.8667 DEBUG Restaurant_SAP.ViewModels.HistorialEconomicoViewModel - Pedidos y total inicializados/limpiados.
2025-05-06 15:14:16.8793 DEBUG Restaurant_SAP.ViewModels.HistorialEconomicoViewModel - Mesa seleccionada para el filtro: Todos.
2025-05-06 15:14:16.8793 DEBUG Restaurant_SAP.ViewModels.HistorialEconomicoViewModel - Menú seleccionado para el filtro: Todos.
2025-05-06 15:14:16.8793 DEBUG Restaurant_SAP.ViewModels.HistorialEconomicoViewModel - Filtros de mesa y menú establecidos en 'Todos' inicialmente.
2025-05-06 15:14:16.8793 TRACE Restaurant_SAP.ViewModels.HistorialEconomicoViewModel - Carga de menús y mesas completada.
2025-05-06 15:14:18.3748 TRACE Restaurant_SAP.ViewModels.HistorialEconomicoViewModel - Método BuscarPedidos llamado.
2025-05-06 15:14:18.3748 DEBUG Restaurant_SAP.ViewModels.HistorialEconomicoViewModel - Iniciando búsqueda de pedidos pagados.
2025-05-06 15:14:18.3748 DEBUG Restaurant_SAP.ViewModels.HistorialEconomicoViewModel - Colección de pedidos para el historial actualizada. Nuevo conteo: 16.
2025-05-06 15:14:18.3801 DEBUG Restaurant_SAP.ViewModels.HistorialEconomicoViewModel - Total económico actualizado: 266.
2025-05-06 15:14:18.3801 INFO Restaurant_SAP.ViewModels.HistorialEconomicoViewModel - Se encontraron 16 pedidos con los criterios de búsqueda. Total: 266.
2025-05-06 15:14:18.3801 TRACE Restaurant_SAP.ViewModels.HistorialEconomicoViewModel - Método BuscarPedidos completado.
2025-05-06 15:14:44.9403 TRACE Restaurant_SAP.ViewModels.MesasViewModel - Método VerificarReservas llamado por el timer.
2025-05-06 15:14:44.9403 DEBUG Restaurant_SAP.ViewModels.MesasViewModel - Verificando el estado de las mesas para reservas próximas a las: 6/5/2025 15:14:44.
2025-05-06 15:14:44.9453 DEBUG Restaurant_SAP.ViewModels.MesasViewModel - Se encontraron 0 reservas activas.
2025-05-06 15:14:44.9453 TRACE Restaurant_SAP.ViewModels.MesasViewModel - Método VerificarReservas completado.
2025-05-06 15:15:02.4038 TRACE Restaurant_SAP.ViewModels.MenusViewModel - CanAgregarMenu llamado. Retornando: true.
2025-05-06 15:15:02.4038 TRACE Restaurant_SAP.ViewModels.MenusViewModel - Método AgregarMenu llamado.
2025-05-06 15:15:02.4164 INFO Restaurant_SAP.ViewModels.MenusViewModel - Menú agregado. Nombre: Patatas pequeñas, Descripción: Patatas fritas pequeña, Precio: 3.
2025-05-06 15:15:02.4164 DEBUG Restaurant_SAP.ViewModels.MenusViewModel - La colección de menús ha cambiado. Acción: Reset.
2025-05-06 15:15:02.4164 TRACE Restaurant_SAP.ViewModels.MenusViewModel - Cargando menús desde la base de datos...
2025-05-06 15:15:02.4164 DEBUG Restaurant_SAP.ViewModels.MenusViewModel - La colección de menús ha cambiado. Acción: Add.
2025-05-06 15:15:02.4164 DEBUG Restaurant_SAP.ViewModels.MenusViewModel - La colección de menús ha cambiado. Acción: Add.
2025-05-06 15:15:02.4164 DEBUG Restaurant_SAP.ViewModels.MenusViewModel - La colección de menús ha cambiado. Acción: Add.
2025-05-06 15:15:02.4164 DEBUG Restaurant_SAP.ViewModels.MenusViewModel - La colección de menús ha cambiado. Acción: Add.
2025-05-06 15:15:02.4164 DEBUG Restaurant_SAP.ViewModels.MenusViewModel - La colección de menús ha cambiado. Acción: Add.
2025-05-06 15:15:02.4164 DEBUG Restaurant_SAP.ViewModels.MenusViewModel - La colección de menús ha cambiado. Acción: Add.
2025-05-06 15:15:02.4164 DEBUG Restaurant_SAP.ViewModels.MenusViewModel - La colección de menús ha cambiado. Acción: Add.
2025-05-06 15:15:02.4164 INFO Restaurant_SAP.ViewModels.MenusViewModel - Se cargaron 7 menús desde la base de datos.
2025-05-06 15:15:02.4259 DEBUG Restaurant_SAP.ViewModels.MenusViewModel - Nuevo menú creado o modificado: Nombre: , Descripción: , Precio: 0.
2025-05-06 15:15:02.4259 TRACE Restaurant_SAP.ViewModels.MenusViewModel - CanAgregarMenu llamado. Retornando: true.
2025-05-06 15:15:02.4259 DEBUG Restaurant_SAP.ViewModels.MenusViewModel - NuevoMenu restablecido.
2025-05-06 15:15:02.4259 TRACE Restaurant_SAP.ViewModels.MenusViewModel - Método AgregarMenu completado.
2025-05-06 15:15:25.7301 TRACE Restaurant_SAP.ViewModels.MenusViewModel - CanAgregarMenu llamado. Retornando: true.
2025-05-06 15:15:25.7301 TRACE Restaurant_SAP.ViewModels.MenusViewModel - Método AgregarMenu llamado.
2025-05-06 15:15:25.7397 INFO Restaurant_SAP.ViewModels.MenusViewModel - Menú agregado. Nombre: Patatas medianas, Descripción: Patatas fritas medianas, Precio: 4.
2025-05-06 15:15:25.7397 DEBUG Restaurant_SAP.ViewModels.MenusViewModel - La colección de menús ha cambiado. Acción: Reset.
2025-05-06 15:15:25.7397 TRACE Restaurant_SAP.ViewModels.MenusViewModel - Cargando menús desde la base de datos...
2025-05-06 15:15:25.7397 DEBUG Restaurant_SAP.ViewModels.MenusViewModel - La colección de menús ha cambiado. Acción: Add.
2025-05-06 15:15:25.7397 DEBUG Restaurant_SAP.ViewModels.MenusViewModel - La colección de menús ha cambiado. Acción: Add.
2025-05-06 15:15:25.7397 DEBUG Restaurant_SAP.ViewModels.MenusViewModel - La colección de menús ha cambiado. Acción: Add.
2025-05-06 15:15:25.7397 DEBUG Restaurant_SAP.ViewModels.MenusViewModel - La colección de menús ha cambiado. Acción: Add.
2025-05-06 15:15:25.7397 DEBUG Restaurant_SAP.ViewModels.MenusViewModel - La colección de menús ha cambiado. Acción: Add.
2025-05-06 15:15:25.7397 DEBUG Restaurant_SAP.ViewModels.MenusViewModel - La colección de menús ha cambiado. Acción: Add.
2025-05-06 15:15:25.7397 DEBUG Restaurant_SAP.ViewModels.MenusViewModel - La colección de menús ha cambiado. Acción: Add.
2025-05-06 15:15:25.7397 DEBUG Restaurant_SAP.ViewModels.MenusViewModel - La colección de menús ha cambiado. Acción: Add.
2025-05-06 15:15:25.7397 INFO Restaurant_SAP.ViewModels.MenusViewModel - Se cargaron 8 menús desde la base de datos.
2025-05-06 15:15:25.7539 DEBUG Restaurant_SAP.ViewModels.MenusViewModel - Nuevo menú creado o modificado: Nombre: , Descripción: , Precio: 0.
2025-05-06 15:15:25.7539 TRACE Restaurant_SAP.ViewModels.MenusViewModel - CanAgregarMenu llamado. Retornando: true.
2025-05-06 15:15:25.7539 DEBUG Restaurant_SAP.ViewModels.MenusViewModel - NuevoMenu restablecido.
2025-05-06 15:15:25.7539 TRACE Restaurant_SAP.ViewModels.MenusViewModel - Método AgregarMenu completado.
2025-05-06 15:15:45.0052 TRACE Restaurant_SAP.ViewModels.MesasViewModel - Método VerificarReservas llamado por el timer.
2025-05-06 15:15:45.0052 DEBUG Restaurant_SAP.ViewModels.MesasViewModel - Verificando el estado de las mesas para reservas próximas a las: 6/5/2025 15:15:45.
2025-05-06 15:15:45.0052 DEBUG Restaurant_SAP.ViewModels.MesasViewModel - Se encontraron 0 reservas activas.
2025-05-06 15:15:45.0052 TRACE Restaurant_SAP.ViewModels.MesasViewModel - Método VerificarReservas completado.
2025-05-06 15:16:02.1650 TRACE Restaurant_SAP.ViewModels.MenusViewModel - CanAgregarMenu llamado. Retornando: true.
2025-05-06 15:16:02.1650 TRACE Restaurant_SAP.ViewModels.MenusViewModel - Método AgregarMenu llamado.
2025-05-06 15:16:02.1650 INFO Restaurant_SAP.ViewModels.MenusViewModel - Menú agregado. Nombre: Patatas grandes, Descripción: Patatas fritas grandes, Precio: 4,85.
2025-05-06 15:16:02.1756 DEBUG Restaurant_SAP.ViewModels.MenusViewModel - La colección de menús ha cambiado. Acción: Reset.
2025-05-06 15:16:02.1756 TRACE Restaurant_SAP.ViewModels.MenusViewModel - Cargando menús desde la base de datos...
2025-05-06 15:16:02.1756 DEBUG Restaurant_SAP.ViewModels.MenusViewModel - La colección de menús ha cambiado. Acción: Add.
2025-05-06 15:16:02.1756 DEBUG Restaurant_SAP.ViewModels.MenusViewModel - La colección de menús ha cambiado. Acción: Add.
2025-05-06 15:16:02.1756 DEBUG Restaurant_SAP.ViewModels.MenusViewModel - La colección de menús ha cambiado. Acción: Add.
2025-05-06 15:16:02.1756 DEBUG Restaurant_SAP.ViewModels.MenusViewModel - La colección de menús ha cambiado. Acción: Add.
2025-05-06 15:16:02.1756 DEBUG Restaurant_SAP.ViewModels.MenusViewModel - La colección de menús ha cambiado. Acción: Add.
2025-05-06 15:16:02.1756 DEBUG Restaurant_SAP.ViewModels.MenusViewModel - La colección de menús ha cambiado. Acción: Add.
2025-05-06 15:16:02.1756 DEBUG Restaurant_SAP.ViewModels.MenusViewModel - La colección de menús ha cambiado. Acción: Add.
2025-05-06 15:16:02.1756 DEBUG Restaurant_SAP.ViewModels.MenusViewModel - La colección de menús ha cambiado. Acción: Add.
2025-05-06 15:16:02.1756 DEBUG Restaurant_SAP.ViewModels.MenusViewModel - La colección de menús ha cambiado. Acción: Add.
2025-05-06 15:16:02.1756 INFO Restaurant_SAP.ViewModels.MenusViewModel - Se cargaron 9 menús desde la base de datos.
2025-05-06 15:16:02.1756 DEBUG Restaurant_SAP.ViewModels.MenusViewModel - Nuevo menú creado o modificado: Nombre: , Descripción: , Precio: 0.
2025-05-06 15:16:02.1756 TRACE Restaurant_SAP.ViewModels.MenusViewModel - CanAgregarMenu llamado. Retornando: true.
2025-05-06 15:16:02.1756 DEBUG Restaurant_SAP.ViewModels.MenusViewModel - NuevoMenu restablecido.
2025-05-06 15:16:02.1919 TRACE Restaurant_SAP.ViewModels.MenusViewModel - Método AgregarMenu completado.
2025-05-06 15:16:45.0059 TRACE Restaurant_SAP.ViewModels.MesasViewModel - Método VerificarReservas llamado por el timer.
2025-05-06 15:16:45.0059 DEBUG Restaurant_SAP.ViewModels.MesasViewModel - Verificando el estado de las mesas para reservas próximas a las: 6/5/2025 15:16:45.
2025-05-06 15:16:45.0059 DEBUG Restaurant_SAP.ViewModels.MesasViewModel - Se encontraron 0 reservas activas.
2025-05-06 15:16:45.0059 TRACE Restaurant_SAP.ViewModels.MesasViewModel - Método VerificarReservas completado.
2025-05-06 15:17:18.8714 DEBUG Restaurant_SAP.ViewModels.MesasViewModel - Mesa seleccionada cambiada. Nueva mesa: 30
2025-05-06 15:17:18.8714 TRACE Restaurant_SAP.ViewModels.MesasViewModel - CanEliminarMesa llamado. Retornando: True.
2025-05-06 15:17:18.8714 DEBUG Restaurant_SAP.ViewModels.MesasViewModel - Mesa en edición cambiada. Nueva mesa en edición: 30
2025-05-06 15:17:18.8714 TRACE Restaurant_SAP.ViewModels.MesasViewModel - CanGuardarCambios llamado. Retornando: True.
2025-05-06 15:17:18.8714 DEBUG Restaurant_SAP.ViewModels.MesasViewModel - Iniciando edición de la mesa ID: 30.
2025-05-06 15:17:22.4972 TRACE Restaurant_SAP.ViewModels.MesasViewModel - CanGuardarCambios llamado. Retornando: True.
2025-05-06 15:17:22.4972 TRACE Restaurant_SAP.ViewModels.MesasViewModel - Método GuardarCambios llamado.
2025-05-06 15:17:22.4972 DEBUG Restaurant_SAP.ViewModels.MesasViewModel - Guardando cambios en la mesa ID: 30. Número anterior: 10, Nuevo número: 10. Descripción anterior: Mesa 10 Grande 1, Nueva descripción: Mesa 10 Grande 1. Estado anterior: Libre, Nuevo estado: Ocupada.
2025-05-06 15:17:22.5108 INFO Restaurant_SAP.ViewModels.MesasViewModel - Cambios guardados en la mesa ID: 30.
2025-05-06 15:17:22.5108 DEBUG Restaurant_SAP.ViewModels.MapaMesasViewModel - La propiedad Mesas ha cambiado en MesasViewModel. Notificando cambios.
2025-05-06 15:17:22.5108 DEBUG Restaurant_SAP.ViewModels.MesasViewModel - La colección de mesas ha cambiado. Acción: Reset.
2025-05-06 15:17:22.5108 DEBUG Restaurant_SAP.ViewModels.MapaMesasViewModel - La colección de mesas del mapa ha cambiado. Acción: Reset.
2025-05-06 15:17:22.5108 DEBUG Restaurant_SAP.ViewModels.ReservasViewModel - La colección de mesas ha cambiado. Acción: Reset.
2025-05-06 15:17:22.5216 DEBUG Restaurant_SAP.ViewModels.MesasViewModel - Mesa seleccionada cambiada. Nueva mesa: 
2025-05-06 15:17:22.5216 TRACE Restaurant_SAP.ViewModels.MesasViewModel - CanEliminarMesa llamado. Retornando: False.
2025-05-06 15:17:22.5216 DEBUG Restaurant_SAP.ViewModels.MesasViewModel - Mesa en edición cambiada. Nueva mesa en edición: 
2025-05-06 15:17:22.5216 TRACE Restaurant_SAP.ViewModels.MesasViewModel - CanGuardarCambios llamado. Retornando: False.
2025-05-06 15:17:22.5216 DEBUG Restaurant_SAP.ViewModels.MesasViewModel - Edición de mesa cancelada o no se seleccionó ninguna mesa.
2025-05-06 15:17:22.5216 TRACE Restaurant_SAP.ViewModels.MesasViewModel - Cargando mesas desde la base de datos...
2025-05-06 15:17:22.5216 DEBUG Restaurant_SAP.ViewModels.MapaMesasViewModel - La propiedad Mesas ha cambiado en MesasViewModel. Notificando cambios.
2025-05-06 15:17:22.5216 DEBUG Restaurant_SAP.ViewModels.MesasViewModel - La colección de mesas ha cambiado. Acción: Add.
2025-05-06 15:17:22.5216 DEBUG Restaurant_SAP.ViewModels.MapaMesasViewModel - La colección de mesas del mapa ha cambiado. Acción: Add.
2025-05-06 15:17:22.5216 DEBUG Restaurant_SAP.ViewModels.ReservasViewModel - La colección de mesas ha cambiado. Acción: Add.
2025-05-06 15:17:22.5216 DEBUG Restaurant_SAP.ViewModels.MapaMesasViewModel - La propiedad Mesas ha cambiado en MesasViewModel. Notificando cambios.
2025-05-06 15:17:22.5352 DEBUG Restaurant_SAP.ViewModels.MesasViewModel - La colección de mesas ha cambiado. Acción: Add.
2025-05-06 15:17:22.5352 DEBUG Restaurant_SAP.ViewModels.MapaMesasViewModel - La colección de mesas del mapa ha cambiado. Acción: Add.
2025-05-06 15:17:22.5352 DEBUG Restaurant_SAP.ViewModels.ReservasViewModel - La colección de mesas ha cambiado. Acción: Add.
2025-05-06 15:17:22.5352 DEBUG Restaurant_SAP.ViewModels.MapaMesasViewModel - La propiedad Mesas ha cambiado en MesasViewModel. Notificando cambios.
2025-05-06 15:17:22.5352 DEBUG Restaurant_SAP.ViewModels.MesasViewModel - La colección de mesas ha cambiado. Acción: Add.
2025-05-06 15:17:22.5352 DEBUG Restaurant_SAP.ViewModels.MapaMesasViewModel - La colección de mesas del mapa ha cambiado. Acción: Add.
2025-05-06 15:17:22.5352 DEBUG Restaurant_SAP.ViewModels.ReservasViewModel - La colección de mesas ha cambiado. Acción: Add.
2025-05-06 15:17:22.5352 DEBUG Restaurant_SAP.ViewModels.MapaMesasViewModel - La propiedad Mesas ha cambiado en MesasViewModel. Notificando cambios.
2025-05-06 15:17:22.5352 DEBUG Restaurant_SAP.ViewModels.MesasViewModel - La colección de mesas ha cambiado. Acción: Add.
2025-05-06 15:17:22.5352 DEBUG Restaurant_SAP.ViewModels.MapaMesasViewModel - La colección de mesas del mapa ha cambiado. Acción: Add.
2025-05-06 15:17:22.5352 DEBUG Restaurant_SAP.ViewModels.ReservasViewModel - La colección de mesas ha cambiado. Acción: Add.
2025-05-06 15:17:22.5352 DEBUG Restaurant_SAP.ViewModels.MapaMesasViewModel - La propiedad Mesas ha cambiado en MesasViewModel. Notificando cambios.
2025-05-06 15:17:22.5352 DEBUG Restaurant_SAP.ViewModels.MesasViewModel - La colección de mesas ha cambiado. Acción: Add.
2025-05-06 15:17:22.5352 DEBUG Restaurant_SAP.ViewModels.MapaMesasViewModel - La colección de mesas del mapa ha cambiado. Acción: Add.
2025-05-06 15:17:22.5352 DEBUG Restaurant_SAP.ViewModels.ReservasViewModel - La colección de mesas ha cambiado. Acción: Add.
2025-05-06 15:17:22.5352 DEBUG Restaurant_SAP.ViewModels.MapaMesasViewModel - La propiedad Mesas ha cambiado en MesasViewModel. Notificando cambios.
2025-05-06 15:17:22.5352 DEBUG Restaurant_SAP.ViewModels.MesasViewModel - La colección de mesas ha cambiado. Acción: Add.
2025-05-06 15:17:22.5352 DEBUG Restaurant_SAP.ViewModels.MapaMesasViewModel - La colección de mesas del mapa ha cambiado. Acción: Add.
2025-05-06 15:17:22.5352 DEBUG Restaurant_SAP.ViewModels.ReservasViewModel - La colección de mesas ha cambiado. Acción: Add.
2025-05-06 15:17:22.5352 DEBUG Restaurant_SAP.ViewModels.MapaMesasViewModel - La propiedad Mesas ha cambiado en MesasViewModel. Notificando cambios.
2025-05-06 15:17:22.5352 DEBUG Restaurant_SAP.ViewModels.MesasViewModel - La colección de mesas ha cambiado. Acción: Add.
2025-05-06 15:17:22.5512 DEBUG Restaurant_SAP.ViewModels.MapaMesasViewModel - La colección de mesas del mapa ha cambiado. Acción: Add.
2025-05-06 15:17:22.5512 DEBUG Restaurant_SAP.ViewModels.ReservasViewModel - La colección de mesas ha cambiado. Acción: Add.
2025-05-06 15:17:22.5512 DEBUG Restaurant_SAP.ViewModels.MapaMesasViewModel - La propiedad Mesas ha cambiado en MesasViewModel. Notificando cambios.
2025-05-06 15:17:22.5512 DEBUG Restaurant_SAP.ViewModels.MesasViewModel - La colección de mesas ha cambiado. Acción: Add.
2025-05-06 15:17:22.5512 DEBUG Restaurant_SAP.ViewModels.MapaMesasViewModel - La colección de mesas del mapa ha cambiado. Acción: Add.
2025-05-06 15:17:22.5512 DEBUG Restaurant_SAP.ViewModels.ReservasViewModel - La colección de mesas ha cambiado. Acción: Add.
2025-05-06 15:17:22.5512 DEBUG Restaurant_SAP.ViewModels.MapaMesasViewModel - La propiedad Mesas ha cambiado en MesasViewModel. Notificando cambios.
2025-05-06 15:17:22.5512 DEBUG Restaurant_SAP.ViewModels.MesasViewModel - La colección de mesas ha cambiado. Acción: Add.
2025-05-06 15:17:22.5512 DEBUG Restaurant_SAP.ViewModels.MapaMesasViewModel - La colección de mesas del mapa ha cambiado. Acción: Add.
2025-05-06 15:17:22.5512 DEBUG Restaurant_SAP.ViewModels.ReservasViewModel - La colección de mesas ha cambiado. Acción: Add.
2025-05-06 15:17:22.5512 DEBUG Restaurant_SAP.ViewModels.MapaMesasViewModel - La propiedad Mesas ha cambiado en MesasViewModel. Notificando cambios.
2025-05-06 15:17:22.5512 DEBUG Restaurant_SAP.ViewModels.MesasViewModel - La colección de mesas ha cambiado. Acción: Add.
2025-05-06 15:17:22.5512 DEBUG Restaurant_SAP.ViewModels.MapaMesasViewModel - La colección de mesas del mapa ha cambiado. Acción: Add.
2025-05-06 15:17:22.5512 DEBUG Restaurant_SAP.ViewModels.ReservasViewModel - La colección de mesas ha cambiado. Acción: Add.
2025-05-06 15:17:22.5512 DEBUG Restaurant_SAP.ViewModels.MapaMesasViewModel - La propiedad Mesas ha cambiado en MesasViewModel. Notificando cambios.
2025-05-06 15:17:22.5512 DEBUG Restaurant_SAP.ViewModels.MesasViewModel - La colección de mesas ha cambiado. Acción: Add.
2025-05-06 15:17:22.5512 DEBUG Restaurant_SAP.ViewModels.MapaMesasViewModel - La colección de mesas del mapa ha cambiado. Acción: Add.
2025-05-06 15:17:22.5512 DEBUG Restaurant_SAP.ViewModels.ReservasViewModel - La colección de mesas ha cambiado. Acción: Add.
2025-05-06 15:17:22.5512 DEBUG Restaurant_SAP.ViewModels.MapaMesasViewModel - La propiedad Mesas ha cambiado en MesasViewModel. Notificando cambios.
2025-05-06 15:17:22.5512 DEBUG Restaurant_SAP.ViewModels.MesasViewModel - La colección de mesas ha cambiado. Acción: Add.
2025-05-06 15:17:22.5512 DEBUG Restaurant_SAP.ViewModels.MapaMesasViewModel - La colección de mesas del mapa ha cambiado. Acción: Add.
2025-05-06 15:17:22.5512 DEBUG Restaurant_SAP.ViewModels.ReservasViewModel - La colección de mesas ha cambiado. Acción: Add.
2025-05-06 15:17:22.5661 DEBUG Restaurant_SAP.ViewModels.MapaMesasViewModel - La propiedad Mesas ha cambiado en MesasViewModel. Notificando cambios.
2025-05-06 15:17:22.5661 DEBUG Restaurant_SAP.ViewModels.MesasViewModel - La colección de mesas ha cambiado. Acción: Add.
2025-05-06 15:17:22.5661 DEBUG Restaurant_SAP.ViewModels.MapaMesasViewModel - La colección de mesas del mapa ha cambiado. Acción: Add.
2025-05-06 15:17:22.5661 DEBUG Restaurant_SAP.ViewModels.ReservasViewModel - La colección de mesas ha cambiado. Acción: Add.
2025-05-06 15:17:22.5661 DEBUG Restaurant_SAP.ViewModels.MapaMesasViewModel - La propiedad Mesas ha cambiado en MesasViewModel. Notificando cambios.
2025-05-06 15:17:22.5661 DEBUG Restaurant_SAP.ViewModels.MesasViewModel - La colección de mesas ha cambiado. Acción: Add.
2025-05-06 15:17:22.5661 DEBUG Restaurant_SAP.ViewModels.MapaMesasViewModel - La colección de mesas del mapa ha cambiado. Acción: Add.
2025-05-06 15:17:22.5661 DEBUG Restaurant_SAP.ViewModels.ReservasViewModel - La colección de mesas ha cambiado. Acción: Add.
2025-05-06 15:17:22.5661 INFO Restaurant_SAP.ViewModels.MesasViewModel - Se cargaron 14 mesas desde la base de datos.
2025-05-06 15:17:22.5661 DEBUG Restaurant_SAP.ViewModels.MesasViewModel - Mesa seleccionada cambiada. Nueva mesa: 
2025-05-06 15:17:22.5661 TRACE Restaurant_SAP.ViewModels.MesasViewModel - CanEliminarMesa llamado. Retornando: False.
2025-05-06 15:17:22.5661 DEBUG Restaurant_SAP.ViewModels.MesasViewModel - Mesa en edición cambiada. Nueva mesa en edición: 
2025-05-06 15:17:22.5661 TRACE Restaurant_SAP.ViewModels.MesasViewModel - CanGuardarCambios llamado. Retornando: False.
2025-05-06 15:17:22.5661 DEBUG Restaurant_SAP.ViewModels.MesasViewModel - Edición de mesa cancelada o no se seleccionó ninguna mesa.
2025-05-06 15:17:22.5661 DEBUG Restaurant_SAP.ViewModels.MesasViewModel - Mesa en edición cambiada. Nueva mesa en edición: 
2025-05-06 15:17:22.5661 TRACE Restaurant_SAP.ViewModels.MesasViewModel - CanGuardarCambios llamado. Retornando: False.
2025-05-06 15:17:22.5661 DEBUG Restaurant_SAP.ViewModels.MesasViewModel - Edición completada. Selección y mesa en edición restablecidas.
2025-05-06 15:17:22.5661 TRACE Restaurant_SAP.ViewModels.MesasViewModel - Método GuardarCambios completado.
2025-05-06 15:17:33.4530 TRACE Restaurant_SAP.ViewModels.HistorialEconomicoViewModel - Cargando menús y mesas para los filtros.
2025-05-06 15:17:33.4530 DEBUG Restaurant_SAP.ViewModels.HistorialEconomicoViewModel - Menú seleccionado para el filtro: Todos.
2025-05-06 15:17:33.4567 INFO Restaurant_SAP.ViewModels.HistorialEconomicoViewModel - Se cargaron 9 menús para el filtro.
2025-05-06 15:17:33.4567 DEBUG Restaurant_SAP.ViewModels.HistorialEconomicoViewModel - Mesa seleccionada para el filtro: Todos.
2025-05-06 15:17:33.4567 INFO Restaurant_SAP.ViewModels.HistorialEconomicoViewModel - Se cargaron 14 mesas para el filtro.
2025-05-06 15:17:33.4567 DEBUG Restaurant_SAP.ViewModels.HistorialEconomicoViewModel - Total económico actualizado: 0.
2025-05-06 15:17:33.4567 DEBUG Restaurant_SAP.ViewModels.HistorialEconomicoViewModel - Pedidos y total inicializados/limpiados.
2025-05-06 15:17:33.4567 DEBUG Restaurant_SAP.ViewModels.HistorialEconomicoViewModel - Mesa seleccionada para el filtro: Todos.
2025-05-06 15:17:33.4567 DEBUG Restaurant_SAP.ViewModels.HistorialEconomicoViewModel - Menú seleccionado para el filtro: Todos.
2025-05-06 15:17:33.4567 DEBUG Restaurant_SAP.ViewModels.HistorialEconomicoViewModel - Filtros de mesa y menú establecidos en 'Todos' inicialmente.
2025-05-06 15:17:33.4567 TRACE Restaurant_SAP.ViewModels.HistorialEconomicoViewModel - Carga de menús y mesas completada.
2025-05-06 15:17:45.0277 TRACE Restaurant_SAP.ViewModels.MesasViewModel - Método VerificarReservas llamado por el timer.
2025-05-06 15:17:45.0277 DEBUG Restaurant_SAP.ViewModels.MesasViewModel - Verificando el estado de las mesas para reservas próximas a las: 6/5/2025 15:17:45.
2025-05-06 15:17:45.0277 DEBUG Restaurant_SAP.ViewModels.MesasViewModel - Se encontraron 0 reservas activas.
2025-05-06 15:17:45.0277 TRACE Restaurant_SAP.ViewModels.MesasViewModel - Método VerificarReservas completado.
2025-05-06 15:18:18.5083 TRACE Restaurant_SAP.ViewModels.HistorialEconomicoViewModel - Cargando menús y mesas para los filtros.
2025-05-06 15:18:18.5083 DEBUG Restaurant_SAP.ViewModels.HistorialEconomicoViewModel - Menú seleccionado para el filtro: Todos.
2025-05-06 15:18:18.5083 INFO Restaurant_SAP.ViewModels.HistorialEconomicoViewModel - Se cargaron 9 menús para el filtro.
2025-05-06 15:18:18.5083 DEBUG Restaurant_SAP.ViewModels.HistorialEconomicoViewModel - Mesa seleccionada para el filtro: Todos.
2025-05-06 15:18:18.5083 INFO Restaurant_SAP.ViewModels.HistorialEconomicoViewModel - Se cargaron 14 mesas para el filtro.
2025-05-06 15:18:18.5083 DEBUG Restaurant_SAP.ViewModels.HistorialEconomicoViewModel - Total económico actualizado: 0.
2025-05-06 15:18:18.5083 DEBUG Restaurant_SAP.ViewModels.HistorialEconomicoViewModel - Pedidos y total inicializados/limpiados.
2025-05-06 15:18:18.5199 DEBUG Restaurant_SAP.ViewModels.HistorialEconomicoViewModel - Mesa seleccionada para el filtro: Todos.
2025-05-06 15:18:18.5199 DEBUG Restaurant_SAP.ViewModels.HistorialEconomicoViewModel - Menú seleccionado para el filtro: Todos.
2025-05-06 15:18:18.5199 DEBUG Restaurant_SAP.ViewModels.HistorialEconomicoViewModel - Filtros de mesa y menú establecidos en 'Todos' inicialmente.
2025-05-06 15:18:18.5199 TRACE Restaurant_SAP.ViewModels.HistorialEconomicoViewModel - Carga de menús y mesas completada.
2025-05-06 15:18:19.7013 TRACE Restaurant_SAP.ViewModels.HistorialEconomicoViewModel - Método BuscarPedidos llamado.
2025-05-06 15:18:19.7013 DEBUG Restaurant_SAP.ViewModels.HistorialEconomicoViewModel - Iniciando búsqueda de pedidos pagados.
2025-05-06 15:18:19.7013 DEBUG Restaurant_SAP.ViewModels.HistorialEconomicoViewModel - Colección de pedidos para el historial actualizada. Nuevo conteo: 16.
2025-05-06 15:18:19.7013 DEBUG Restaurant_SAP.ViewModels.HistorialEconomicoViewModel - Total económico actualizado: 266.
2025-05-06 15:18:19.7078 INFO Restaurant_SAP.ViewModels.HistorialEconomicoViewModel - Se encontraron 16 pedidos con los criterios de búsqueda. Total: 266.
2025-05-06 15:18:19.7078 TRACE Restaurant_SAP.ViewModels.HistorialEconomicoViewModel - Método BuscarPedidos completado.
2025-05-06 15:18:45.0243 TRACE Restaurant_SAP.ViewModels.MesasViewModel - Método VerificarReservas llamado por el timer.
2025-05-06 15:18:45.0243 DEBUG Restaurant_SAP.ViewModels.MesasViewModel - Verificando el estado de las mesas para reservas próximas a las: 6/5/2025 15:18:45.
2025-05-06 15:18:45.0243 DEBUG Restaurant_SAP.ViewModels.MesasViewModel - Se encontraron 0 reservas activas.
2025-05-06 15:18:45.0243 TRACE Restaurant_SAP.ViewModels.MesasViewModel - Método VerificarReservas completado.
2025-05-06 15:18:55.3194 DEBUG Restaurant_SAP.ViewModels.MesasViewModel - Mesa seleccionada cambiada. Nueva mesa: 32
2025-05-06 15:18:55.3194 TRACE Restaurant_SAP.ViewModels.MesasViewModel - CanEliminarMesa llamado. Retornando: True.
2025-05-06 15:18:55.3194 DEBUG Restaurant_SAP.ViewModels.MesasViewModel - Mesa en edición cambiada. Nueva mesa en edición: 32
2025-05-06 15:18:55.3194 TRACE Restaurant_SAP.ViewModels.MesasViewModel - CanGuardarCambios llamado. Retornando: True.
2025-05-06 15:18:55.3194 DEBUG Restaurant_SAP.ViewModels.MesasViewModel - Iniciando edición de la mesa ID: 32.
2025-05-06 15:19:00.7920 TRACE Restaurant_SAP.ViewModels.MesasViewModel - CanGuardarCambios llamado. Retornando: True.
2025-05-06 15:19:00.7920 TRACE Restaurant_SAP.ViewModels.MesasViewModel - Método GuardarCambios llamado.
2025-05-06 15:19:00.7920 DEBUG Restaurant_SAP.ViewModels.MesasViewModel - Guardando cambios en la mesa ID: 32. Número anterior: 12, Nuevo número: 12. Descripción anterior: Mesa 12 Grande 3, Nueva descripción: Mesa 12 Grande 3. Estado anterior: Libre, Nuevo estado: Ocupada.
2025-05-06 15:19:00.8025 INFO Restaurant_SAP.ViewModels.MesasViewModel - Cambios guardados en la mesa ID: 32.
2025-05-06 15:19:00.8025 DEBUG Restaurant_SAP.ViewModels.MapaMesasViewModel - La propiedad Mesas ha cambiado en MesasViewModel. Notificando cambios.
2025-05-06 15:19:00.8025 DEBUG Restaurant_SAP.ViewModels.MesasViewModel - La colección de mesas ha cambiado. Acción: Reset.
2025-05-06 15:19:00.8025 DEBUG Restaurant_SAP.ViewModels.MapaMesasViewModel - La colección de mesas del mapa ha cambiado. Acción: Reset.
2025-05-06 15:19:00.8025 DEBUG Restaurant_SAP.ViewModels.ReservasViewModel - La colección de mesas ha cambiado. Acción: Reset.
2025-05-06 15:19:00.8025 DEBUG Restaurant_SAP.ViewModels.MesasViewModel - Mesa seleccionada cambiada. Nueva mesa: 
2025-05-06 15:19:00.8025 TRACE Restaurant_SAP.ViewModels.MesasViewModel - CanEliminarMesa llamado. Retornando: False.
2025-05-06 15:19:00.8170 DEBUG Restaurant_SAP.ViewModels.MesasViewModel - Mesa en edición cambiada. Nueva mesa en edición: 
2025-05-06 15:19:00.8170 TRACE Restaurant_SAP.ViewModels.MesasViewModel - CanGuardarCambios llamado. Retornando: False.
2025-05-06 15:19:00.8170 DEBUG Restaurant_SAP.ViewModels.MesasViewModel - Edición de mesa cancelada o no se seleccionó ninguna mesa.
2025-05-06 15:19:00.8170 TRACE Restaurant_SAP.ViewModels.MesasViewModel - Cargando mesas desde la base de datos...
2025-05-06 15:19:00.8170 DEBUG Restaurant_SAP.ViewModels.MapaMesasViewModel - La propiedad Mesas ha cambiado en MesasViewModel. Notificando cambios.
2025-05-06 15:19:00.8170 DEBUG Restaurant_SAP.ViewModels.MesasViewModel - La colección de mesas ha cambiado. Acción: Add.
2025-05-06 15:19:00.8170 DEBUG Restaurant_SAP.ViewModels.MapaMesasViewModel - La colección de mesas del mapa ha cambiado. Acción: Add.
2025-05-06 15:19:00.8170 DEBUG Restaurant_SAP.ViewModels.ReservasViewModel - La colección de mesas ha cambiado. Acción: Add.
2025-05-06 15:19:00.8170 DEBUG Restaurant_SAP.ViewModels.MapaMesasViewModel - La propiedad Mesas ha cambiado en MesasViewModel. Notificando cambios.
2025-05-06 15:19:00.8170 DEBUG Restaurant_SAP.ViewModels.MesasViewModel - La colección de mesas ha cambiado. Acción: Add.
2025-05-06 15:19:00.8170 DEBUG Restaurant_SAP.ViewModels.MapaMesasViewModel - La colección de mesas del mapa ha cambiado. Acción: Add.
2025-05-06 15:19:00.8170 DEBUG Restaurant_SAP.ViewModels.ReservasViewModel - La colección de mesas ha cambiado. Acción: Add.
2025-05-06 15:19:00.8170 DEBUG Restaurant_SAP.ViewModels.MapaMesasViewModel - La propiedad Mesas ha cambiado en MesasViewModel. Notificando cambios.
2025-05-06 15:19:00.8170 DEBUG Restaurant_SAP.ViewModels.MesasViewModel - La colección de mesas ha cambiado. Acción: Add.
2025-05-06 15:19:00.8170 DEBUG Restaurant_SAP.ViewModels.MapaMesasViewModel - La colección de mesas del mapa ha cambiado. Acción: Add.
2025-05-06 15:19:00.8323 DEBUG Restaurant_SAP.ViewModels.ReservasViewModel - La colección de mesas ha cambiado. Acción: Add.
2025-05-06 15:19:00.8323 DEBUG Restaurant_SAP.ViewModels.MapaMesasViewModel - La propiedad Mesas ha cambiado en MesasViewModel. Notificando cambios.
2025-05-06 15:19:00.8323 DEBUG Restaurant_SAP.ViewModels.MesasViewModel - La colección de mesas ha cambiado. Acción: Add.
2025-05-06 15:19:00.8323 DEBUG Restaurant_SAP.ViewModels.MapaMesasViewModel - La colección de mesas del mapa ha cambiado. Acción: Add.
2025-05-06 15:19:00.8323 DEBUG Restaurant_SAP.ViewModels.ReservasViewModel - La colección de mesas ha cambiado. Acción: Add.
2025-05-06 15:19:00.8323 DEBUG Restaurant_SAP.ViewModels.MapaMesasViewModel - La propiedad Mesas ha cambiado en MesasViewModel. Notificando cambios.
2025-05-06 15:19:00.8323 DEBUG Restaurant_SAP.ViewModels.MesasViewModel - La colección de mesas ha cambiado. Acción: Add.
2025-05-06 15:19:00.8323 DEBUG Restaurant_SAP.ViewModels.MapaMesasViewModel - La colección de mesas del mapa ha cambiado. Acción: Add.
2025-05-06 15:19:00.8323 DEBUG Restaurant_SAP.ViewModels.ReservasViewModel - La colección de mesas ha cambiado. Acción: Add.
2025-05-06 15:19:00.8323 DEBUG Restaurant_SAP.ViewModels.MapaMesasViewModel - La propiedad Mesas ha cambiado en MesasViewModel. Notificando cambios.
2025-05-06 15:19:00.8323 DEBUG Restaurant_SAP.ViewModels.MesasViewModel - La colección de mesas ha cambiado. Acción: Add.
2025-05-06 15:19:00.8323 DEBUG Restaurant_SAP.ViewModels.MapaMesasViewModel - La colección de mesas del mapa ha cambiado. Acción: Add.
2025-05-06 15:19:00.8323 DEBUG Restaurant_SAP.ViewModels.ReservasViewModel - La colección de mesas ha cambiado. Acción: Add.
2025-05-06 15:19:00.8323 DEBUG Restaurant_SAP.ViewModels.MapaMesasViewModel - La propiedad Mesas ha cambiado en MesasViewModel. Notificando cambios.
2025-05-06 15:19:00.8323 DEBUG Restaurant_SAP.ViewModels.MesasViewModel - La colección de mesas ha cambiado. Acción: Add.
2025-05-06 15:19:00.8323 DEBUG Restaurant_SAP.ViewModels.MapaMesasViewModel - La colección de mesas del mapa ha cambiado. Acción: Add.
2025-05-06 15:19:00.8323 DEBUG Restaurant_SAP.ViewModels.ReservasViewModel - La colección de mesas ha cambiado. Acción: Add.
2025-05-06 15:19:00.8323 DEBUG Restaurant_SAP.ViewModels.MapaMesasViewModel - La propiedad Mesas ha cambiado en MesasViewModel. Notificando cambios.
2025-05-06 15:19:00.8323 DEBUG Restaurant_SAP.ViewModels.MesasViewModel - La colección de mesas ha cambiado. Acción: Add.
2025-05-06 15:19:00.8323 DEBUG Restaurant_SAP.ViewModels.MapaMesasViewModel - La colección de mesas del mapa ha cambiado. Acción: Add.
2025-05-06 15:19:00.8323 DEBUG Restaurant_SAP.ViewModels.ReservasViewModel - La colección de mesas ha cambiado. Acción: Add.
2025-05-06 15:19:00.8481 DEBUG Restaurant_SAP.ViewModels.MapaMesasViewModel - La propiedad Mesas ha cambiado en MesasViewModel. Notificando cambios.
2025-05-06 15:19:00.8481 DEBUG Restaurant_SAP.ViewModels.MesasViewModel - La colección de mesas ha cambiado. Acción: Add.
2025-05-06 15:19:00.8481 DEBUG Restaurant_SAP.ViewModels.MapaMesasViewModel - La colección de mesas del mapa ha cambiado. Acción: Add.
2025-05-06 15:19:00.8481 DEBUG Restaurant_SAP.ViewModels.ReservasViewModel - La colección de mesas ha cambiado. Acción: Add.
2025-05-06 15:19:00.8481 DEBUG Restaurant_SAP.ViewModels.MapaMesasViewModel - La propiedad Mesas ha cambiado en MesasViewModel. Notificando cambios.
2025-05-06 15:19:00.8481 DEBUG Restaurant_SAP.ViewModels.MesasViewModel - La colección de mesas ha cambiado. Acción: Add.
2025-05-06 15:19:00.8481 DEBUG Restaurant_SAP.ViewModels.MapaMesasViewModel - La colección de mesas del mapa ha cambiado. Acción: Add.
2025-05-06 15:19:00.8481 DEBUG Restaurant_SAP.ViewModels.ReservasViewModel - La colección de mesas ha cambiado. Acción: Add.
2025-05-06 15:19:00.8481 DEBUG Restaurant_SAP.ViewModels.MapaMesasViewModel - La propiedad Mesas ha cambiado en MesasViewModel. Notificando cambios.
2025-05-06 15:19:00.8481 DEBUG Restaurant_SAP.ViewModels.MesasViewModel - La colección de mesas ha cambiado. Acción: Add.
2025-05-06 15:19:00.8481 DEBUG Restaurant_SAP.ViewModels.MapaMesasViewModel - La colección de mesas del mapa ha cambiado. Acción: Add.
2025-05-06 15:19:00.8481 DEBUG Restaurant_SAP.ViewModels.ReservasViewModel - La colección de mesas ha cambiado. Acción: Add.
2025-05-06 15:19:00.8481 DEBUG Restaurant_SAP.ViewModels.MapaMesasViewModel - La propiedad Mesas ha cambiado en MesasViewModel. Notificando cambios.
2025-05-06 15:19:00.8481 DEBUG Restaurant_SAP.ViewModels.MesasViewModel - La colección de mesas ha cambiado. Acción: Add.
2025-05-06 15:19:00.8481 DEBUG Restaurant_SAP.ViewModels.MapaMesasViewModel - La colección de mesas del mapa ha cambiado. Acción: Add.
2025-05-06 15:19:00.8481 DEBUG Restaurant_SAP.ViewModels.ReservasViewModel - La colección de mesas ha cambiado. Acción: Add.
2025-05-06 15:19:00.8481 DEBUG Restaurant_SAP.ViewModels.MapaMesasViewModel - La propiedad Mesas ha cambiado en MesasViewModel. Notificando cambios.
2025-05-06 15:19:00.8481 DEBUG Restaurant_SAP.ViewModels.MesasViewModel - La colección de mesas ha cambiado. Acción: Add.
2025-05-06 15:19:00.8481 DEBUG Restaurant_SAP.ViewModels.MapaMesasViewModel - La colección de mesas del mapa ha cambiado. Acción: Add.
2025-05-06 15:19:00.8481 DEBUG Restaurant_SAP.ViewModels.ReservasViewModel - La colección de mesas ha cambiado. Acción: Add.
2025-05-06 15:19:00.8481 DEBUG Restaurant_SAP.ViewModels.MapaMesasViewModel - La propiedad Mesas ha cambiado en MesasViewModel. Notificando cambios.
2025-05-06 15:19:00.8481 DEBUG Restaurant_SAP.ViewModels.MesasViewModel - La colección de mesas ha cambiado. Acción: Add.
2025-05-06 15:19:00.8627 DEBUG Restaurant_SAP.ViewModels.MapaMesasViewModel - La colección de mesas del mapa ha cambiado. Acción: Add.
2025-05-06 15:19:00.8627 DEBUG Restaurant_SAP.ViewModels.ReservasViewModel - La colección de mesas ha cambiado. Acción: Add.
2025-05-06 15:19:00.8627 INFO Restaurant_SAP.ViewModels.MesasViewModel - Se cargaron 14 mesas desde la base de datos.
2025-05-06 15:19:00.8627 DEBUG Restaurant_SAP.ViewModels.MesasViewModel - Mesa seleccionada cambiada. Nueva mesa: 
2025-05-06 15:19:00.8627 TRACE Restaurant_SAP.ViewModels.MesasViewModel - CanEliminarMesa llamado. Retornando: False.
2025-05-06 15:19:00.8627 DEBUG Restaurant_SAP.ViewModels.MesasViewModel - Mesa en edición cambiada. Nueva mesa en edición: 
2025-05-06 15:19:00.8627 TRACE Restaurant_SAP.ViewModels.MesasViewModel - CanGuardarCambios llamado. Retornando: False.
2025-05-06 15:19:00.8627 DEBUG Restaurant_SAP.ViewModels.MesasViewModel - Edición de mesa cancelada o no se seleccionó ninguna mesa.
2025-05-06 15:19:00.8627 DEBUG Restaurant_SAP.ViewModels.MesasViewModel - Mesa en edición cambiada. Nueva mesa en edición: 
2025-05-06 15:19:00.8627 TRACE Restaurant_SAP.ViewModels.MesasViewModel - CanGuardarCambios llamado. Retornando: False.
2025-05-06 15:19:00.8627 DEBUG Restaurant_SAP.ViewModels.MesasViewModel - Edición completada. Selección y mesa en edición restablecidas.
2025-05-06 15:19:00.8627 TRACE Restaurant_SAP.ViewModels.MesasViewModel - Método GuardarCambios completado.
2025-05-06 15:19:07.3020 DEBUG Restaurant_SAP.ViewModels.ReservasViewModel - Mesa seleccionada cambiada. Nueva mesa: 34
2025-05-06 15:19:07.3020 TRACE Restaurant_SAP.ViewModels.ReservasViewModel - Cargando reservas...
2025-05-06 15:19:07.3020 DEBUG Restaurant_SAP.ViewModels.ReservasViewModel - Cargando reservas para la mesa ID: 34
2025-05-06 15:19:07.3188 INFO Restaurant_SAP.ViewModels.ReservasViewModel - Se cargaron 0 reservas para la mesa ID: 34.
2025-05-06 15:19:07.3188 TRACE Restaurant_SAP.ViewModels.ReservasViewModel - CanAgregarReserva llamado. Retornando: true.
2025-05-06 15:19:23.7781 TRACE Restaurant_SAP.ViewModels.ReservasViewModel - Método CancelarEdicionReserva llamado.
2025-05-06 15:19:23.7895 DEBUG Restaurant_SAP.ViewModels.ReservasViewModel - Reserva en edición cambiada. Nueva reserva: 0
2025-05-06 15:19:23.7895 TRACE Restaurant_SAP.ViewModels.ReservasViewModel - CanGuardarCambiosReserva llamado. Retornando: False.
2025-05-06 15:19:23.7895 TRACE Restaurant_SAP.ViewModels.ReservasViewModel - CanEliminarReserva llamado. Retornando: True.
2025-05-06 15:19:23.7895 DEBUG Restaurant_SAP.ViewModels.ReservasViewModel - ReservaEnEdicion restablecida a una nueva instancia.
2025-05-06 15:19:23.7895 TRACE Restaurant_SAP.ViewModels.ReservasViewModel - Método CancelarEdicionReserva completado.
2025-05-06 15:19:45.1650 TRACE Restaurant_SAP.ViewModels.MesasViewModel - Método VerificarReservas llamado por el timer.
2025-05-06 15:19:45.1650 DEBUG Restaurant_SAP.ViewModels.MesasViewModel - Verificando el estado de las mesas para reservas próximas a las: 6/5/2025 15:19:45.
2025-05-06 15:19:45.1650 DEBUG Restaurant_SAP.ViewModels.MesasViewModel - Se encontraron 0 reservas activas.
2025-05-06 15:19:45.1650 TRACE Restaurant_SAP.ViewModels.MesasViewModel - Método VerificarReservas completado.
2025-05-06 15:19:54.9023 TRACE Restaurant_SAP.ViewModels.HistorialEconomicoViewModel - Cargando menús y mesas para los filtros.
2025-05-06 15:19:54.9023 DEBUG Restaurant_SAP.ViewModels.HistorialEconomicoViewModel - Menú seleccionado para el filtro: Todos.
2025-05-06 15:19:54.9023 INFO Restaurant_SAP.ViewModels.HistorialEconomicoViewModel - Se cargaron 9 menús para el filtro.
2025-05-06 15:19:54.9023 DEBUG Restaurant_SAP.ViewModels.HistorialEconomicoViewModel - Mesa seleccionada para el filtro: Todos.
2025-05-06 15:19:54.9023 INFO Restaurant_SAP.ViewModels.HistorialEconomicoViewModel - Se cargaron 14 mesas para el filtro.
2025-05-06 15:19:54.9128 DEBUG Restaurant_SAP.ViewModels.HistorialEconomicoViewModel - Total económico actualizado: 0.
2025-05-06 15:19:54.9128 DEBUG Restaurant_SAP.ViewModels.HistorialEconomicoViewModel - Pedidos y total inicializados/limpiados.
2025-05-06 15:19:54.9128 DEBUG Restaurant_SAP.ViewModels.HistorialEconomicoViewModel - Mesa seleccionada para el filtro: Todos.
2025-05-06 15:19:54.9128 DEBUG Restaurant_SAP.ViewModels.HistorialEconomicoViewModel - Menú seleccionado para el filtro: Todos.
2025-05-06 15:19:54.9128 DEBUG Restaurant_SAP.ViewModels.HistorialEconomicoViewModel - Filtros de mesa y menú establecidos en 'Todos' inicialmente.
2025-05-06 15:19:54.9128 TRACE Restaurant_SAP.ViewModels.HistorialEconomicoViewModel - Carga de menús y mesas completada.
2025-05-06 15:19:56.7188 TRACE Restaurant_SAP.ViewModels.HistorialEconomicoViewModel - Método BuscarPedidos llamado.
2025-05-06 15:19:56.7188 DEBUG Restaurant_SAP.ViewModels.HistorialEconomicoViewModel - Iniciando búsqueda de pedidos pagados.
2025-05-06 15:19:56.7188 DEBUG Restaurant_SAP.ViewModels.HistorialEconomicoViewModel - Colección de pedidos para el historial actualizada. Nuevo conteo: 19.
2025-05-06 15:19:56.7238 DEBUG Restaurant_SAP.ViewModels.HistorialEconomicoViewModel - Total económico actualizado: 292.
2025-05-06 15:19:56.7238 INFO Restaurant_SAP.ViewModels.HistorialEconomicoViewModel - Se encontraron 19 pedidos con los criterios de búsqueda. Total: 292.
2025-05-06 15:19:56.7238 TRACE Restaurant_SAP.ViewModels.HistorialEconomicoViewModel - Método BuscarPedidos completado.
2025-05-06 15:20:05.5605 DEBUG Restaurant_SAP.ViewModels.HistorialEconomicoViewModel - Mesa seleccionada para el filtro: Mesa 5.
2025-05-06 15:20:07.2253 TRACE Restaurant_SAP.ViewModels.HistorialEconomicoViewModel - Método BuscarPedidos llamado.
2025-05-06 15:20:07.2253 DEBUG Restaurant_SAP.ViewModels.HistorialEconomicoViewModel - Iniciando búsqueda de pedidos pagados.
2025-05-06 15:20:07.2253 DEBUG Restaurant_SAP.ViewModels.HistorialEconomicoViewModel - Filtrando por Mesa ID: 25.
2025-05-06 15:20:07.2527 DEBUG Restaurant_SAP.ViewModels.HistorialEconomicoViewModel - Colección de pedidos para el historial actualizada. Nuevo conteo: 0.
2025-05-06 15:20:07.2527 DEBUG Restaurant_SAP.ViewModels.HistorialEconomicoViewModel - Total económico actualizado: 0.
2025-05-06 15:20:07.2540 INFO Restaurant_SAP.ViewModels.HistorialEconomicoViewModel - Se encontraron 0 pedidos con los criterios de búsqueda. Total: 0.
2025-05-06 15:20:07.2540 TRACE Restaurant_SAP.ViewModels.HistorialEconomicoViewModel - Método BuscarPedidos completado.
2025-05-06 15:20:09.8151 DEBUG Restaurant_SAP.ViewModels.HistorialEconomicoViewModel - Mesa seleccionada para el filtro: Mesa 9.
2025-05-06 15:20:11.9366 DEBUG Restaurant_SAP.ViewModels.HistorialEconomicoViewModel - Mesa seleccionada para el filtro: Mesa 7.
2025-05-06 15:20:14.0050 DEBUG Restaurant_SAP.ViewModels.HistorialEconomicoViewModel - Mesa seleccionada para el filtro: Mesa 8.
2025-05-06 15:20:15.0764 TRACE Restaurant_SAP.ViewModels.HistorialEconomicoViewModel - Método BuscarPedidos llamado.
2025-05-06 15:20:15.0764 DEBUG Restaurant_SAP.ViewModels.HistorialEconomicoViewModel - Iniciando búsqueda de pedidos pagados.
2025-05-06 15:20:15.0764 DEBUG Restaurant_SAP.ViewModels.HistorialEconomicoViewModel - Filtrando por Mesa ID: 28.
2025-05-06 15:20:15.0764 DEBUG Restaurant_SAP.ViewModels.HistorialEconomicoViewModel - Colección de pedidos para el historial actualizada. Nuevo conteo: 3.
2025-05-06 15:20:15.0822 DEBUG Restaurant_SAP.ViewModels.HistorialEconomicoViewModel - Total económico actualizado: 26.
2025-05-06 15:20:15.0822 INFO Restaurant_SAP.ViewModels.HistorialEconomicoViewModel - Se encontraron 3 pedidos con los criterios de búsqueda. Total: 26.
2025-05-06 15:20:15.0822 TRACE Restaurant_SAP.ViewModels.HistorialEconomicoViewModel - Método BuscarPedidos completado.
2025-05-06 15:20:17.9737 DEBUG Restaurant_SAP.ViewModels.HistorialEconomicoViewModel - Mesa seleccionada para el filtro: Todos.
2025-05-06 15:20:19.0283 TRACE Restaurant_SAP.ViewModels.HistorialEconomicoViewModel - Método BuscarPedidos llamado.
2025-05-06 15:20:19.0283 DEBUG Restaurant_SAP.ViewModels.HistorialEconomicoViewModel - Iniciando búsqueda de pedidos pagados.
2025-05-06 15:20:19.0283 DEBUG Restaurant_SAP.ViewModels.HistorialEconomicoViewModel - Colección de pedidos para el historial actualizada. Nuevo conteo: 19.
2025-05-06 15:20:19.0283 DEBUG Restaurant_SAP.ViewModels.HistorialEconomicoViewModel - Total económico actualizado: 292.
2025-05-06 15:20:19.0283 INFO Restaurant_SAP.ViewModels.HistorialEconomicoViewModel - Se encontraron 19 pedidos con los criterios de búsqueda. Total: 292.
2025-05-06 15:20:19.0357 TRACE Restaurant_SAP.ViewModels.HistorialEconomicoViewModel - Método BuscarPedidos completado.
2025-05-06 15:20:35.9676 DEBUG Restaurant_SAP.ViewModels.HistorialEconomicoViewModel - Menú seleccionado para el filtro: Cerveza 1.
2025-05-06 15:20:37.5581 TRACE Restaurant_SAP.ViewModels.HistorialEconomicoViewModel - Método BuscarPedidos llamado.
2025-05-06 15:20:37.5581 DEBUG Restaurant_SAP.ViewModels.HistorialEconomicoViewModel - Iniciando búsqueda de pedidos pagados.
2025-05-06 15:20:37.5581 DEBUG Restaurant_SAP.ViewModels.HistorialEconomicoViewModel - Filtrando por Menú ID: 2.
2025-05-06 15:20:37.5763 DEBUG Restaurant_SAP.ViewModels.HistorialEconomicoViewModel - Colección de pedidos para el historial actualizada. Nuevo conteo: 8.
2025-05-06 15:20:37.5763 DEBUG Restaurant_SAP.ViewModels.HistorialEconomicoViewModel - Total económico actualizado: 162.
2025-05-06 15:20:37.5763 INFO Restaurant_SAP.ViewModels.HistorialEconomicoViewModel - Se encontraron 8 pedidos con los criterios de búsqueda. Total: 162.
2025-05-06 15:20:37.5763 TRACE Restaurant_SAP.ViewModels.HistorialEconomicoViewModel - Método BuscarPedidos completado.
2025-05-06 15:20:40.1768 TRACE Restaurant_SAP.ViewModels.HistorialEconomicoViewModel - Método GenerarPdf llamado.
2025-05-06 15:20:40.1768 DEBUG Restaurant_SAP.ViewModels.HistorialEconomicoViewModel - Generando PDF para 8 pedidos.
2025-05-06 15:20:45.2091 TRACE Restaurant_SAP.ViewModels.MesasViewModel - Método VerificarReservas llamado por el timer.
2025-05-06 15:20:45.2091 DEBUG Restaurant_SAP.ViewModels.MesasViewModel - Verificando el estado de las mesas para reservas próximas a las: 6/5/2025 15:20:45.
2025-05-06 15:20:45.2091 DEBUG Restaurant_SAP.ViewModels.MesasViewModel - Se encontraron 0 reservas activas.
2025-05-06 15:20:45.2091 TRACE Restaurant_SAP.ViewModels.MesasViewModel - Método VerificarReservas completado.
2025-05-06 15:20:47.4556 INFO Restaurant_SAP.ViewModels.HistorialEconomicoViewModel - PDF guardado exitosamente en: C:\Users\REENE\Downloads\HistorialPedidos.pdf.
2025-05-06 15:20:47.4556 TRACE Restaurant_SAP.ViewModels.HistorialEconomicoViewModel - Método GenerarPdf completado.
2025-05-06 16:31:03.1454 INFO Restaurant_SAP.App - NLog inicializado.
2025-05-06 16:31:03.2813 INFO Restaurant_SAP.App - No se encontró idioma guardado. Se usará el idioma por defecto (es-ES).
2025-05-06 16:31:04.0102 TRACE Restaurant_SAP.ViewModels.MesasViewModel - Constructor MesasViewModel llamado.
2025-05-06 16:31:04.0102 DEBUG Restaurant_SAP.ViewModels.MesasViewModel - La colección de mesas ha sido actualizada. Nuevo conteo: 0
2025-05-06 16:31:04.0102 DEBUG Restaurant_SAP.ViewModels.MesasViewModel - La colección de mesas ha cambiado. Acción: Reset.
2025-05-06 16:31:04.0102 TRACE Restaurant_SAP.ViewModels.MesasViewModel - Cargando mesas desde la base de datos...
2025-05-06 16:31:05.8697 DEBUG Restaurant_SAP.ViewModels.MesasViewModel - La colección de mesas ha cambiado. Acción: Add.
2025-05-06 16:31:05.8697 DEBUG Restaurant_SAP.ViewModels.MesasViewModel - La colección de mesas ha cambiado. Acción: Add.
2025-05-06 16:31:05.8697 DEBUG Restaurant_SAP.ViewModels.MesasViewModel - La colección de mesas ha cambiado. Acción: Add.
2025-05-06 16:31:05.8697 DEBUG Restaurant_SAP.ViewModels.MesasViewModel - La colección de mesas ha cambiado. Acción: Add.
2025-05-06 16:31:05.8697 DEBUG Restaurant_SAP.ViewModels.MesasViewModel - La colección de mesas ha cambiado. Acción: Add.
2025-05-06 16:31:05.8697 DEBUG Restaurant_SAP.ViewModels.MesasViewModel - La colección de mesas ha cambiado. Acción: Add.
2025-05-06 16:31:05.8697 DEBUG Restaurant_SAP.ViewModels.MesasViewModel - La colección de mesas ha cambiado. Acción: Add.
2025-05-06 16:31:05.8697 DEBUG Restaurant_SAP.ViewModels.MesasViewModel - La colección de mesas ha cambiado. Acción: Add.
2025-05-06 16:31:05.8697 DEBUG Restaurant_SAP.ViewModels.MesasViewModel - La colección de mesas ha cambiado. Acción: Add.
2025-05-06 16:31:05.8697 DEBUG Restaurant_SAP.ViewModels.MesasViewModel - La colección de mesas ha cambiado. Acción: Add.
2025-05-06 16:31:05.8788 DEBUG Restaurant_SAP.ViewModels.MesasViewModel - La colección de mesas ha cambiado. Acción: Add.
2025-05-06 16:31:05.8788 DEBUG Restaurant_SAP.ViewModels.MesasViewModel - La colección de mesas ha cambiado. Acción: Add.
2025-05-06 16:31:05.8788 DEBUG Restaurant_SAP.ViewModels.MesasViewModel - La colección de mesas ha cambiado. Acción: Add.
2025-05-06 16:31:05.8788 DEBUG Restaurant_SAP.ViewModels.MesasViewModel - La colección de mesas ha cambiado. Acción: Add.
2025-05-06 16:31:05.8788 INFO Restaurant_SAP.ViewModels.MesasViewModel - Se cargaron 14 mesas desde la base de datos.
2025-05-06 16:31:05.8788 TRACE Restaurant_SAP.ViewModels.MesasViewModel - Método IniciarTimer llamado.
2025-05-06 16:31:05.8788 INFO Restaurant_SAP.ViewModels.MesasViewModel - Timer para verificar reservas iniciado con intervalo de 1 minuto.
2025-05-06 16:31:05.8788 DEBUG Restaurant_SAP.ViewModels.MesasViewModel - MesasViewModel inicializado con contexto: Restaurant_SAP.DB.RestauranteContext.
2025-05-06 16:31:05.8788 TRACE Restaurant_SAP.ViewModels.MenusViewModel - Constructor MenusViewModel llamado.
2025-05-06 16:31:05.8788 DEBUG Restaurant_SAP.ViewModels.MenusViewModel - La colección de menús ha sido actualizada. Nuevo conteo: 0
2025-05-06 16:31:05.8788 DEBUG Restaurant_SAP.ViewModels.MenusViewModel - La colección de menús ha cambiado. Acción: Reset.
2025-05-06 16:31:05.8788 TRACE Restaurant_SAP.ViewModels.MenusViewModel - Cargando menús desde la base de datos...
2025-05-06 16:31:05.9369 DEBUG Restaurant_SAP.ViewModels.MenusViewModel - La colección de menús ha cambiado. Acción: Add.
2025-05-06 16:31:05.9369 DEBUG Restaurant_SAP.ViewModels.MenusViewModel - La colección de menús ha cambiado. Acción: Add.
2025-05-06 16:31:05.9369 DEBUG Restaurant_SAP.ViewModels.MenusViewModel - La colección de menús ha cambiado. Acción: Add.
2025-05-06 16:31:05.9369 DEBUG Restaurant_SAP.ViewModels.MenusViewModel - La colección de menús ha cambiado. Acción: Add.
2025-05-06 16:31:05.9369 DEBUG Restaurant_SAP.ViewModels.MenusViewModel - La colección de menús ha cambiado. Acción: Add.
2025-05-06 16:31:05.9369 DEBUG Restaurant_SAP.ViewModels.MenusViewModel - La colección de menús ha cambiado. Acción: Add.
2025-05-06 16:31:05.9369 DEBUG Restaurant_SAP.ViewModels.MenusViewModel - La colección de menús ha cambiado. Acción: Add.
2025-05-06 16:31:05.9409 DEBUG Restaurant_SAP.ViewModels.MenusViewModel - La colección de menús ha cambiado. Acción: Add.
2025-05-06 16:31:05.9409 DEBUG Restaurant_SAP.ViewModels.MenusViewModel - La colección de menús ha cambiado. Acción: Add.
2025-05-06 16:31:05.9409 INFO Restaurant_SAP.ViewModels.MenusViewModel - Se cargaron 9 menús desde la base de datos.
2025-05-06 16:31:05.9409 DEBUG Restaurant_SAP.ViewModels.MenusViewModel - MenusViewModel inicializado con contexto: Restaurant_SAP.DB.RestauranteContext.
2025-05-06 16:31:05.9409 TRACE Restaurant_SAP.ViewModels.MapaMesasViewModel - Constructor MapaMesasViewModel llamado.
2025-05-06 16:31:05.9409 DEBUG Restaurant_SAP.ViewModels.MapaMesasViewModel - Colección de mesas para el mapa actualizada. Nuevo conteo: 14.
2025-05-06 16:31:05.9409 DEBUG Restaurant_SAP.ViewModels.MapaMesasViewModel - Cantidad de mesas en el mapa: 14.
2025-05-06 16:31:05.9409 DEBUG Restaurant_SAP.ViewModels.MapaMesasViewModel - Suscrito al evento PropertyChanged de MesasViewModel.
2025-05-06 16:31:05.9409 TRACE Restaurant_SAP.ViewModels.ReservasViewModel - Constructor ReservasViewModel llamado.
2025-05-06 16:31:05.9409 DEBUG Restaurant_SAP.ViewModels.ReservasViewModel - Reserva en edición cambiada. Nueva reserva: 0
2025-05-06 16:31:05.9409 DEBUG Restaurant_SAP.ViewModels.ReservasViewModel - Reservas actualizadas. Nuevo conteo: 0
2025-05-06 16:31:05.9578 DEBUG Restaurant_SAP.ViewModels.ReservasViewModel - ReservasViewModel inicializado con contexto: Restaurant_SAP.DB.RestauranteContext, MesasViewModel: Restaurant_SAP.ViewModels.MesasViewModel.
2025-05-06 16:31:05.9578 TRACE Restaurant_SAP.ViewModels.ConfiguracionViewModel - Constructor ConfiguracionViewModel llamado.
2025-05-06 16:31:05.9578 DEBUG Restaurant_SAP.ViewModels.ConfiguracionViewModel - Idioma guardado al inicio: ''.
2025-05-06 16:31:05.9578 INFO Restaurant_SAP.ViewModels.ConfiguracionViewModel - Idioma seleccionado al inicio: ''.
2025-05-06 16:31:05.9725 TRACE Restaurant_SAP.ViewModels.HistorialEconomicoViewModel - Constructor HistorialEconomicoViewModel llamado.
2025-05-06 16:31:05.9725 DEBUG Restaurant_SAP.ViewModels.HistorialEconomicoViewModel - Colección de pedidos para el historial actualizada. Nuevo conteo: 0.
2025-05-06 16:31:05.9725 DEBUG Restaurant_SAP.ViewModels.HistorialEconomicoViewModel - Colección de menús cargada para el filtro. Conteo: 0.
2025-05-06 16:31:05.9725 DEBUG Restaurant_SAP.ViewModels.HistorialEconomicoViewModel - Colección de mesas cargada para el filtro. Conteo: 0.
2025-05-06 16:31:05.9725 TRACE Restaurant_SAP.ViewModels.HistorialEconomicoViewModel - Cargando menús y mesas para los filtros.
2025-05-06 16:31:05.9725 INFO Restaurant_SAP.ViewModels.HistorialEconomicoViewModel - Se cargaron 9 menús para el filtro.
2025-05-06 16:31:05.9725 INFO Restaurant_SAP.ViewModels.HistorialEconomicoViewModel - Se cargaron 14 mesas para el filtro.
2025-05-06 16:31:05.9725 DEBUG Restaurant_SAP.ViewModels.HistorialEconomicoViewModel - Total económico actualizado: 0.
2025-05-06 16:31:05.9725 DEBUG Restaurant_SAP.ViewModels.HistorialEconomicoViewModel - Pedidos y total inicializados/limpiados.
2025-05-06 16:31:05.9899 DEBUG Restaurant_SAP.ViewModels.HistorialEconomicoViewModel - Mesa seleccionada para el filtro: Todos.
2025-05-06 16:31:05.9899 DEBUG Restaurant_SAP.ViewModels.HistorialEconomicoViewModel - Menú seleccionado para el filtro: Todos.
2025-05-06 16:31:05.9899 DEBUG Restaurant_SAP.ViewModels.HistorialEconomicoViewModel - Filtros de mesa y menú establecidos en 'Todos' inicialmente.
2025-05-06 16:31:05.9899 TRACE Restaurant_SAP.ViewModels.HistorialEconomicoViewModel - Carga de menús y mesas completada.
2025-05-06 16:31:05.9899 DEBUG Restaurant_SAP.ViewModels.HistorialEconomicoViewModel - HistorialEconomicoViewModel inicializado con contexto: Restaurant_SAP.DB.RestauranteContext.
2025-05-06 16:31:07.9809 TRACE Restaurant_SAP.ViewModels.MesasViewModel - CanGuardarCambios llamado. Retornando: False.
2025-05-06 16:31:07.9809 TRACE Restaurant_SAP.ViewModels.MesasViewModel - CanEliminarMesa llamado. Retornando: False.
2025-05-06 16:31:08.0157 TRACE Restaurant_SAP.ViewModels.MesasViewModel - CanAgregarMesa llamado. Retornando: true.
2025-05-06 16:31:08.0366 TRACE Restaurant_SAP.ViewModels.ReservasViewModel - CanAgregarReserva llamado. Retornando: true.
2025-05-06 16:31:08.0366 TRACE Restaurant_SAP.ViewModels.ReservasViewModel - CanGuardarCambiosReserva llamado. Retornando: True.
2025-05-06 16:31:08.0366 TRACE Restaurant_SAP.ViewModels.ReservasViewModel - CanEliminarReserva llamado. Retornando: True.
2025-05-06 16:31:08.0564 TRACE Restaurant_SAP.ViewModels.MenusViewModel - CanGuardarCambios llamado. Retornando: False.
2025-05-06 16:31:08.0564 TRACE Restaurant_SAP.ViewModels.MenusViewModel - CanEliminarMenu llamado. Retornando: False.
2025-05-06 16:31:08.0754 TRACE Restaurant_SAP.ViewModels.MenusViewModel - CanAgregarMenu llamado. Retornando: true.
2025-05-06 16:32:05.9104 TRACE Restaurant_SAP.ViewModels.MesasViewModel - Método VerificarReservas llamado por el timer.
2025-05-06 16:32:05.9104 DEBUG Restaurant_SAP.ViewModels.MesasViewModel - Verificando el estado de las mesas para reservas próximas a las: 6/5/2025 16:32:05.
2025-05-06 16:32:06.3825 DEBUG Restaurant_SAP.ViewModels.MesasViewModel - Se encontraron 0 reservas activas.
2025-05-06 16:32:06.3825 TRACE Restaurant_SAP.ViewModels.MesasViewModel - Método VerificarReservas completado.
2025-05-06 16:33:06.3795 TRACE Restaurant_SAP.ViewModels.MesasViewModel - Método VerificarReservas llamado por el timer.
2025-05-06 16:33:06.3795 DEBUG Restaurant_SAP.ViewModels.MesasViewModel - Verificando el estado de las mesas para reservas próximas a las: 6/5/2025 16:33:06.
2025-05-06 16:33:06.4005 DEBUG Restaurant_SAP.ViewModels.MesasViewModel - Se encontraron 0 reservas activas.
2025-05-06 16:33:06.4005 TRACE Restaurant_SAP.ViewModels.MesasViewModel - Método VerificarReservas completado.
2025-05-06 16:34:06.5267 TRACE Restaurant_SAP.ViewModels.MesasViewModel - Método VerificarReservas llamado por el timer.
2025-05-06 16:34:06.5267 DEBUG Restaurant_SAP.ViewModels.MesasViewModel - Verificando el estado de las mesas para reservas próximas a las: 6/5/2025 16:34:06.
2025-05-06 16:34:06.6351 DEBUG Restaurant_SAP.ViewModels.MesasViewModel - Se encontraron 0 reservas activas.
2025-05-06 16:34:06.6351 TRACE Restaurant_SAP.ViewModels.MesasViewModel - Método VerificarReservas completado.
2025-05-06 16:35:06.7220 TRACE Restaurant_SAP.ViewModels.MesasViewModel - Método VerificarReservas llamado por el timer.
2025-05-06 16:35:06.7233 DEBUG Restaurant_SAP.ViewModels.MesasViewModel - Verificando el estado de las mesas para reservas próximas a las: 6/5/2025 16:35:06.
2025-05-06 16:35:06.7233 DEBUG Restaurant_SAP.ViewModels.MesasViewModel - Se encontraron 0 reservas activas.
2025-05-06 16:35:06.7388 TRACE Restaurant_SAP.ViewModels.MesasViewModel - Método VerificarReservas completado.
2025-05-06 16:35:11.8894 TRACE Restaurant_SAP.ViewModels.HistorialEconomicoViewModel - Cargando menús y mesas para los filtros.
2025-05-06 16:35:11.8894 DEBUG Restaurant_SAP.ViewModels.HistorialEconomicoViewModel - Menú seleccionado para el filtro: Todos.
2025-05-06 16:35:11.8965 INFO Restaurant_SAP.ViewModels.HistorialEconomicoViewModel - Se cargaron 9 menús para el filtro.
2025-05-06 16:35:11.8965 DEBUG Restaurant_SAP.ViewModels.HistorialEconomicoViewModel - Mesa seleccionada para el filtro: Todos.
2025-05-06 16:35:11.8965 INFO Restaurant_SAP.ViewModels.HistorialEconomicoViewModel - Se cargaron 14 mesas para el filtro.
2025-05-06 16:35:11.8965 DEBUG Restaurant_SAP.ViewModels.HistorialEconomicoViewModel - Total económico actualizado: 0.
2025-05-06 16:35:11.8965 DEBUG Restaurant_SAP.ViewModels.HistorialEconomicoViewModel - Pedidos y total inicializados/limpiados.
2025-05-06 16:35:11.8965 DEBUG Restaurant_SAP.ViewModels.HistorialEconomicoViewModel - Mesa seleccionada para el filtro: Todos.
2025-05-06 16:35:11.8965 DEBUG Restaurant_SAP.ViewModels.HistorialEconomicoViewModel - Menú seleccionado para el filtro: Todos.
2025-05-06 16:35:11.9101 DEBUG Restaurant_SAP.ViewModels.HistorialEconomicoViewModel - Filtros de mesa y menú establecidos en 'Todos' inicialmente.
2025-05-06 16:35:11.9101 TRACE Restaurant_SAP.ViewModels.HistorialEconomicoViewModel - Carga de menús y mesas completada.
2025-05-06 16:35:28.5768 TRACE Restaurant_SAP.ViewModels.HistorialEconomicoViewModel - Método BuscarPedidos llamado.
2025-05-06 16:35:28.5768 DEBUG Restaurant_SAP.ViewModels.HistorialEconomicoViewModel - Iniciando búsqueda de pedidos pagados.
2025-05-06 16:35:28.5994 DEBUG Restaurant_SAP.ViewModels.HistorialEconomicoViewModel - Colección de pedidos para el historial actualizada. Nuevo conteo: 19.
2025-05-06 16:35:28.5994 DEBUG Restaurant_SAP.ViewModels.HistorialEconomicoViewModel - Total económico actualizado: 292.
2025-05-06 16:35:28.5994 INFO Restaurant_SAP.ViewModels.HistorialEconomicoViewModel - Se encontraron 19 pedidos con los criterios de búsqueda. Total: 292.
2025-05-06 16:35:28.5994 TRACE Restaurant_SAP.ViewModels.HistorialEconomicoViewModel - Método BuscarPedidos completado.
2025-05-06 16:35:36.2558 TRACE Restaurant_SAP.ViewModels.HistorialEconomicoViewModel - Método GenerarPdf llamado.
2025-05-06 16:35:36.2558 DEBUG Restaurant_SAP.ViewModels.HistorialEconomicoViewModel - Generando PDF para 19 pedidos.
2025-05-06 16:35:44.3742 INFO Restaurant_SAP.ViewModels.HistorialEconomicoViewModel - PDF guardado exitosamente en: C:\Users\REENE\Downloads\HistorialPedidos.pdf.
2025-05-06 16:35:44.3742 TRACE Restaurant_SAP.ViewModels.HistorialEconomicoViewModel - Método GenerarPdf completado.
2025-05-06 16:35:56.5030 DEBUG Restaurant_SAP.ViewModels.HistorialEconomicoViewModel - Menú seleccionado para el filtro: Cerveza 2.
2025-05-06 16:35:57.7325 TRACE Restaurant_SAP.ViewModels.HistorialEconomicoViewModel - Método BuscarPedidos llamado.
2025-05-06 16:35:57.7325 DEBUG Restaurant_SAP.ViewModels.HistorialEconomicoViewModel - Iniciando búsqueda de pedidos pagados.
2025-05-06 16:35:57.7325 DEBUG Restaurant_SAP.ViewModels.HistorialEconomicoViewModel - Filtrando por Menú ID: 3.
2025-05-06 16:35:57.7608 DEBUG Restaurant_SAP.ViewModels.HistorialEconomicoViewModel - Colección de pedidos para el historial actualizada. Nuevo conteo: 7.
2025-05-06 16:35:57.7608 DEBUG Restaurant_SAP.ViewModels.HistorialEconomicoViewModel - Total económico actualizado: 88.
2025-05-06 16:35:57.7608 INFO Restaurant_SAP.ViewModels.HistorialEconomicoViewModel - Se encontraron 7 pedidos con los criterios de búsqueda. Total: 88.
2025-05-06 16:35:57.7608 TRACE Restaurant_SAP.ViewModels.HistorialEconomicoViewModel - Método BuscarPedidos completado.
2025-05-06 16:36:00.9468 DEBUG Restaurant_SAP.ViewModels.HistorialEconomicoViewModel - Mesa seleccionada para el filtro: Mesa 2.
2025-05-06 16:36:01.6924 TRACE Restaurant_SAP.ViewModels.HistorialEconomicoViewModel - Método BuscarPedidos llamado.
2025-05-06 16:36:01.6924 DEBUG Restaurant_SAP.ViewModels.HistorialEconomicoViewModel - Iniciando búsqueda de pedidos pagados.
2025-05-06 16:36:01.6924 DEBUG Restaurant_SAP.ViewModels.HistorialEconomicoViewModel - Filtrando por Mesa ID: 21.
2025-05-06 16:36:01.6924 DEBUG Restaurant_SAP.ViewModels.HistorialEconomicoViewModel - Filtrando por Menú ID: 3.
2025-05-06 16:36:01.7220 DEBUG Restaurant_SAP.ViewModels.HistorialEconomicoViewModel - Colección de pedidos para el historial actualizada. Nuevo conteo: 1.
2025-05-06 16:36:01.7228 DEBUG Restaurant_SAP.ViewModels.HistorialEconomicoViewModel - Total económico actualizado: 2.
2025-05-06 16:36:01.7228 INFO Restaurant_SAP.ViewModels.HistorialEconomicoViewModel - Se encontraron 1 pedidos con los criterios de búsqueda. Total: 2.
2025-05-06 16:36:01.7228 TRACE Restaurant_SAP.ViewModels.HistorialEconomicoViewModel - Método BuscarPedidos completado.
2025-05-06 16:36:06.7567 TRACE Restaurant_SAP.ViewModels.MesasViewModel - Método VerificarReservas llamado por el timer.
2025-05-06 16:36:06.7567 DEBUG Restaurant_SAP.ViewModels.MesasViewModel - Verificando el estado de las mesas para reservas próximas a las: 6/5/2025 16:36:06.
2025-05-06 16:36:06.7787 DEBUG Restaurant_SAP.ViewModels.MesasViewModel - Se encontraron 0 reservas activas.
2025-05-06 16:36:06.7787 TRACE Restaurant_SAP.ViewModels.MesasViewModel - Método VerificarReservas completado.
2025-05-06 16:36:22.7118 DEBUG Restaurant_SAP.ViewModels.MesasViewModel - Mesa seleccionada cambiada. Nueva mesa: 1
2025-05-06 16:36:22.7118 TRACE Restaurant_SAP.ViewModels.MesasViewModel - CanEliminarMesa llamado. Retornando: True.
2025-05-06 16:36:22.7118 DEBUG Restaurant_SAP.ViewModels.MesasViewModel - Mesa en edición cambiada. Nueva mesa en edición: 1
2025-05-06 16:36:22.7118 TRACE Restaurant_SAP.ViewModels.MesasViewModel - CanGuardarCambios llamado. Retornando: True.
2025-05-06 16:36:22.7118 DEBUG Restaurant_SAP.ViewModels.MesasViewModel - Iniciando edición de la mesa ID: 1.
2025-05-06 16:36:27.6930 TRACE Restaurant_SAP.ViewModels.MesasViewModel - CanGuardarCambios llamado. Retornando: True.
2025-05-06 16:36:27.6930 TRACE Restaurant_SAP.ViewModels.MesasViewModel - Método GuardarCambios llamado.
2025-05-06 16:36:27.6930 DEBUG Restaurant_SAP.ViewModels.MesasViewModel - Guardando cambios en la mesa ID: 1. Número anterior: 1, Nuevo número: 1. Descripción anterior: Mesa1, Nueva descripción: Mesa1. Estado anterior: Libre, Nuevo estado: Libre.
2025-05-06 16:36:27.7184 INFO Restaurant_SAP.ViewModels.MesasViewModel - Cambios guardados en la mesa ID: 1.
2025-05-06 16:36:27.7184 DEBUG Restaurant_SAP.ViewModels.MapaMesasViewModel - La propiedad Mesas ha cambiado en MesasViewModel. Notificando cambios.
2025-05-06 16:36:27.7184 DEBUG Restaurant_SAP.ViewModels.MesasViewModel - La colección de mesas ha cambiado. Acción: Reset.
2025-05-06 16:36:27.7230 DEBUG Restaurant_SAP.ViewModels.MapaMesasViewModel - La colección de mesas del mapa ha cambiado. Acción: Reset.
2025-05-06 16:36:27.7230 DEBUG Restaurant_SAP.ViewModels.ReservasViewModel - La colección de mesas ha cambiado. Acción: Reset.
2025-05-06 16:36:27.7230 DEBUG Restaurant_SAP.ViewModels.MesasViewModel - Mesa seleccionada cambiada. Nueva mesa: 
2025-05-06 16:36:27.7230 TRACE Restaurant_SAP.ViewModels.MesasViewModel - CanEliminarMesa llamado. Retornando: False.
2025-05-06 16:36:27.7230 DEBUG Restaurant_SAP.ViewModels.MesasViewModel - Mesa en edición cambiada. Nueva mesa en edición: 
2025-05-06 16:36:27.7230 TRACE Restaurant_SAP.ViewModels.MesasViewModel - CanGuardarCambios llamado. Retornando: False.
2025-05-06 16:36:27.7230 DEBUG Restaurant_SAP.ViewModels.MesasViewModel - Edición de mesa cancelada o no se seleccionó ninguna mesa.
2025-05-06 16:36:27.7230 TRACE Restaurant_SAP.ViewModels.MesasViewModel - Cargando mesas desde la base de datos...
2025-05-06 16:36:27.7401 DEBUG Restaurant_SAP.ViewModels.MapaMesasViewModel - La propiedad Mesas ha cambiado en MesasViewModel. Notificando cambios.
2025-05-06 16:36:27.7401 DEBUG Restaurant_SAP.ViewModels.MesasViewModel - La colección de mesas ha cambiado. Acción: Add.
2025-05-06 16:36:27.7401 DEBUG Restaurant_SAP.ViewModels.MapaMesasViewModel - La colección de mesas del mapa ha cambiado. Acción: Add.
2025-05-06 16:36:27.7401 DEBUG Restaurant_SAP.ViewModels.ReservasViewModel - La colección de mesas ha cambiado. Acción: Add.
2025-05-06 16:36:27.7401 DEBUG Restaurant_SAP.ViewModels.MapaMesasViewModel - La propiedad Mesas ha cambiado en MesasViewModel. Notificando cambios.
2025-05-06 16:36:27.7401 DEBUG Restaurant_SAP.ViewModels.MesasViewModel - La colección de mesas ha cambiado. Acción: Add.
2025-05-06 16:36:27.7401 DEBUG Restaurant_SAP.ViewModels.MapaMesasViewModel - La colección de mesas del mapa ha cambiado. Acción: Add.
2025-05-06 16:36:27.7401 DEBUG Restaurant_SAP.ViewModels.ReservasViewModel - La colección de mesas ha cambiado. Acción: Add.
2025-05-06 16:36:27.7401 DEBUG Restaurant_SAP.ViewModels.MapaMesasViewModel - La propiedad Mesas ha cambiado en MesasViewModel. Notificando cambios.
2025-05-06 16:36:27.7401 DEBUG Restaurant_SAP.ViewModels.MesasViewModel - La colección de mesas ha cambiado. Acción: Add.
2025-05-06 16:36:27.7401 DEBUG Restaurant_SAP.ViewModels.MapaMesasViewModel - La colección de mesas del mapa ha cambiado. Acción: Add.
2025-05-06 16:36:27.7401 DEBUG Restaurant_SAP.ViewModels.ReservasViewModel - La colección de mesas ha cambiado. Acción: Add.
2025-05-06 16:36:27.7401 DEBUG Restaurant_SAP.ViewModels.MapaMesasViewModel - La propiedad Mesas ha cambiado en MesasViewModel. Notificando cambios.
2025-05-06 16:36:27.7401 DEBUG Restaurant_SAP.ViewModels.MesasViewModel - La colección de mesas ha cambiado. Acción: Add.
2025-05-06 16:36:27.7401 DEBUG Restaurant_SAP.ViewModels.MapaMesasViewModel - La colección de mesas del mapa ha cambiado. Acción: Add.
2025-05-06 16:36:27.7401 DEBUG Restaurant_SAP.ViewModels.ReservasViewModel - La colección de mesas ha cambiado. Acción: Add.
2025-05-06 16:36:27.7401 DEBUG Restaurant_SAP.ViewModels.MapaMesasViewModel - La propiedad Mesas ha cambiado en MesasViewModel. Notificando cambios.
2025-05-06 16:36:27.7401 DEBUG Restaurant_SAP.ViewModels.MesasViewModel - La colección de mesas ha cambiado. Acción: Add.
2025-05-06 16:36:27.7401 DEBUG Restaurant_SAP.ViewModels.MapaMesasViewModel - La colección de mesas del mapa ha cambiado. Acción: Add.
2025-05-06 16:36:27.7546 DEBUG Restaurant_SAP.ViewModels.ReservasViewModel - La colección de mesas ha cambiado. Acción: Add.
2025-05-06 16:36:27.7546 DEBUG Restaurant_SAP.ViewModels.MapaMesasViewModel - La propiedad Mesas ha cambiado en MesasViewModel. Notificando cambios.
2025-05-06 16:36:27.7546 DEBUG Restaurant_SAP.ViewModels.MesasViewModel - La colección de mesas ha cambiado. Acción: Add.
2025-05-06 16:36:27.7546 DEBUG Restaurant_SAP.ViewModels.MapaMesasViewModel - La colección de mesas del mapa ha cambiado. Acción: Add.
2025-05-06 16:36:27.7546 DEBUG Restaurant_SAP.ViewModels.ReservasViewModel - La colección de mesas ha cambiado. Acción: Add.
2025-05-06 16:36:27.7546 DEBUG Restaurant_SAP.ViewModels.MapaMesasViewModel - La propiedad Mesas ha cambiado en MesasViewModel. Notificando cambios.
2025-05-06 16:36:27.7546 DEBUG Restaurant_SAP.ViewModels.MesasViewModel - La colección de mesas ha cambiado. Acción: Add.
2025-05-06 16:36:27.7546 DEBUG Restaurant_SAP.ViewModels.MapaMesasViewModel - La colección de mesas del mapa ha cambiado. Acción: Add.
2025-05-06 16:36:27.7546 DEBUG Restaurant_SAP.ViewModels.ReservasViewModel - La colección de mesas ha cambiado. Acción: Add.
2025-05-06 16:36:27.7546 DEBUG Restaurant_SAP.ViewModels.MapaMesasViewModel - La propiedad Mesas ha cambiado en MesasViewModel. Notificando cambios.
2025-05-06 16:36:27.7546 DEBUG Restaurant_SAP.ViewModels.MesasViewModel - La colección de mesas ha cambiado. Acción: Add.
2025-05-06 16:36:27.7546 DEBUG Restaurant_SAP.ViewModels.MapaMesasViewModel - La colección de mesas del mapa ha cambiado. Acción: Add.
2025-05-06 16:36:27.7546 DEBUG Restaurant_SAP.ViewModels.ReservasViewModel - La colección de mesas ha cambiado. Acción: Add.
2025-05-06 16:36:27.7546 DEBUG Restaurant_SAP.ViewModels.MapaMesasViewModel - La propiedad Mesas ha cambiado en MesasViewModel. Notificando cambios.
2025-05-06 16:36:27.7546 DEBUG Restaurant_SAP.ViewModels.MesasViewModel - La colección de mesas ha cambiado. Acción: Add.
2025-05-06 16:36:27.7546 DEBUG Restaurant_SAP.ViewModels.MapaMesasViewModel - La colección de mesas del mapa ha cambiado. Acción: Add.
2025-05-06 16:36:27.7546 DEBUG Restaurant_SAP.ViewModels.ReservasViewModel - La colección de mesas ha cambiado. Acción: Add.
2025-05-06 16:36:27.7546 DEBUG Restaurant_SAP.ViewModels.MapaMesasViewModel - La propiedad Mesas ha cambiado en MesasViewModel. Notificando cambios.
2025-05-06 16:36:27.7546 DEBUG Restaurant_SAP.ViewModels.MesasViewModel - La colección de mesas ha cambiado. Acción: Add.
2025-05-06 16:36:27.7546 DEBUG Restaurant_SAP.ViewModels.MapaMesasViewModel - La colección de mesas del mapa ha cambiado. Acción: Add.
2025-05-06 16:36:27.7546 DEBUG Restaurant_SAP.ViewModels.ReservasViewModel - La colección de mesas ha cambiado. Acción: Add.
2025-05-06 16:36:27.7546 DEBUG Restaurant_SAP.ViewModels.MapaMesasViewModel - La propiedad Mesas ha cambiado en MesasViewModel. Notificando cambios.
2025-05-06 16:36:27.7546 DEBUG Restaurant_SAP.ViewModels.MesasViewModel - La colección de mesas ha cambiado. Acción: Add.
2025-05-06 16:36:27.7546 DEBUG Restaurant_SAP.ViewModels.MapaMesasViewModel - La colección de mesas del mapa ha cambiado. Acción: Add.
2025-05-06 16:36:27.7546 DEBUG Restaurant_SAP.ViewModels.ReservasViewModel - La colección de mesas ha cambiado. Acción: Add.
2025-05-06 16:36:27.7701 DEBUG Restaurant_SAP.ViewModels.MapaMesasViewModel - La propiedad Mesas ha cambiado en MesasViewModel. Notificando cambios.
2025-05-06 16:36:27.7701 DEBUG Restaurant_SAP.ViewModels.MesasViewModel - La colección de mesas ha cambiado. Acción: Add.
2025-05-06 16:36:27.7701 DEBUG Restaurant_SAP.ViewModels.MapaMesasViewModel - La colección de mesas del mapa ha cambiado. Acción: Add.
2025-05-06 16:36:27.7701 DEBUG Restaurant_SAP.ViewModels.ReservasViewModel - La colección de mesas ha cambiado. Acción: Add.
2025-05-06 16:36:27.7701 DEBUG Restaurant_SAP.ViewModels.MapaMesasViewModel - La propiedad Mesas ha cambiado en MesasViewModel. Notificando cambios.
2025-05-06 16:36:27.7701 DEBUG Restaurant_SAP.ViewModels.MesasViewModel - La colección de mesas ha cambiado. Acción: Add.
2025-05-06 16:36:27.7701 DEBUG Restaurant_SAP.ViewModels.MapaMesasViewModel - La colección de mesas del mapa ha cambiado. Acción: Add.
2025-05-06 16:36:27.7701 DEBUG Restaurant_SAP.ViewModels.ReservasViewModel - La colección de mesas ha cambiado. Acción: Add.
2025-05-06 16:36:27.7701 DEBUG Restaurant_SAP.ViewModels.MapaMesasViewModel - La propiedad Mesas ha cambiado en MesasViewModel. Notificando cambios.
2025-05-06 16:36:27.7701 DEBUG Restaurant_SAP.ViewModels.MesasViewModel - La colección de mesas ha cambiado. Acción: Add.
2025-05-06 16:36:27.7701 DEBUG Restaurant_SAP.ViewModels.MapaMesasViewModel - La colección de mesas del mapa ha cambiado. Acción: Add.
2025-05-06 16:36:27.7701 DEBUG Restaurant_SAP.ViewModels.ReservasViewModel - La colección de mesas ha cambiado. Acción: Add.
2025-05-06 16:36:27.7701 INFO Restaurant_SAP.ViewModels.MesasViewModel - Se cargaron 14 mesas desde la base de datos.
2025-05-06 16:36:27.7701 DEBUG Restaurant_SAP.ViewModels.MesasViewModel - Mesa seleccionada cambiada. Nueva mesa: 
2025-05-06 16:36:27.7701 TRACE Restaurant_SAP.ViewModels.MesasViewModel - CanEliminarMesa llamado. Retornando: False.
2025-05-06 16:36:27.7701 DEBUG Restaurant_SAP.ViewModels.MesasViewModel - Mesa en edición cambiada. Nueva mesa en edición: 
2025-05-06 16:36:27.7701 TRACE Restaurant_SAP.ViewModels.MesasViewModel - CanGuardarCambios llamado. Retornando: False.
2025-05-06 16:36:27.7701 DEBUG Restaurant_SAP.ViewModels.MesasViewModel - Edición de mesa cancelada o no se seleccionó ninguna mesa.
2025-05-06 16:36:27.7701 DEBUG Restaurant_SAP.ViewModels.MesasViewModel - Mesa en edición cambiada. Nueva mesa en edición: 
2025-05-06 16:36:27.7701 TRACE Restaurant_SAP.ViewModels.MesasViewModel - CanGuardarCambios llamado. Retornando: False.
2025-05-06 16:36:27.7701 DEBUG Restaurant_SAP.ViewModels.MesasViewModel - Edición completada. Selección y mesa en edición restablecidas.
2025-05-06 16:36:27.7701 TRACE Restaurant_SAP.ViewModels.MesasViewModel - Método GuardarCambios completado.
2025-05-06 16:36:52.3620 DEBUG Restaurant_SAP.ViewModels.ReservasViewModel - Mesa seleccionada cambiada. Nueva mesa: 1
2025-05-06 16:36:52.3641 TRACE Restaurant_SAP.ViewModels.ReservasViewModel - Cargando reservas...
2025-05-06 16:36:52.3641 DEBUG Restaurant_SAP.ViewModels.ReservasViewModel - Cargando reservas para la mesa ID: 1
2025-05-06 16:36:52.3641 INFO Restaurant_SAP.ViewModels.ReservasViewModel - Se cargaron 0 reservas para la mesa ID: 1.
2025-05-06 16:36:52.3641 TRACE Restaurant_SAP.ViewModels.ReservasViewModel - CanAgregarReserva llamado. Retornando: true.
2025-05-06 16:37:06.7875 TRACE Restaurant_SAP.ViewModels.MesasViewModel - Método VerificarReservas llamado por el timer.
2025-05-06 16:37:06.7875 DEBUG Restaurant_SAP.ViewModels.MesasViewModel - Verificando el estado de las mesas para reservas próximas a las: 6/5/2025 16:37:06.
2025-05-06 16:37:06.8017 DEBUG Restaurant_SAP.ViewModels.MesasViewModel - Se encontraron 0 reservas activas.
2025-05-06 16:37:06.8017 TRACE Restaurant_SAP.ViewModels.MesasViewModel - Método VerificarReservas completado.
2025-05-06 16:37:10.9017 TRACE Restaurant_SAP.ViewModels.ReservasViewModel - CanAgregarReserva llamado. Retornando: true.
2025-05-06 16:37:10.9017 TRACE Restaurant_SAP.ViewModels.ReservasViewModel - Método AgregarReserva llamado.
2025-05-06 16:37:10.9314 INFO Restaurant_SAP.ViewModels.ReservasViewModel - Reserva agregada. ID: 8, Mesa ID: 1, Inicio: 6/5/2025 16:40:05, Fin: 6/5/2025 16:45:05.
2025-05-06 16:37:10.9314 TRACE Restaurant_SAP.ViewModels.ReservasViewModel - Cargando reservas...
2025-05-06 16:37:10.9314 DEBUG Restaurant_SAP.ViewModels.ReservasViewModel - Cargando reservas para la mesa ID: 1
2025-05-06 16:37:10.9421 INFO Restaurant_SAP.ViewModels.ReservasViewModel - Se cargaron 1 reservas para la mesa ID: 1.
2025-05-06 16:37:10.9573 DEBUG Restaurant_SAP.ViewModels.ReservasViewModel - Reserva en edición cambiada. Nueva reserva: 0
2025-05-06 16:37:10.9573 TRACE Restaurant_SAP.ViewModels.ReservasViewModel - CanGuardarCambiosReserva llamado. Retornando: False.
2025-05-06 16:37:10.9573 TRACE Restaurant_SAP.ViewModels.ReservasViewModel - CanEliminarReserva llamado. Retornando: True.
2025-05-06 16:37:10.9573 DEBUG Restaurant_SAP.ViewModels.ReservasViewModel - Nueva instancia de ReservaEnEdicion creada.
2025-05-06 16:37:10.9573 TRACE Restaurant_SAP.ViewModels.ReservasViewModel - Método AgregarReserva completado.
2025-05-06 16:38:06.9768 TRACE Restaurant_SAP.ViewModels.MesasViewModel - Método VerificarReservas llamado por el timer.
2025-05-06 16:38:06.9768 DEBUG Restaurant_SAP.ViewModels.MesasViewModel - Verificando el estado de las mesas para reservas próximas a las: 6/5/2025 16:38:06.
2025-05-06 16:38:06.9913 DEBUG Restaurant_SAP.ViewModels.MesasViewModel - Se encontraron 1 reservas activas.
2025-05-06 16:38:06.9913 DEBUG Restaurant_SAP.ViewModels.MesasViewModel - Verificando reserva ID: 8, Mesa ID: 1, Inicio: 6/5/2025 16:40:05, Fin: 6/5/2025 16:45:05, Estado actual de la mesa: Libre.
2025-05-06 16:38:06.9913 INFO Restaurant_SAP.ViewModels.MesasViewModel - Mesa ID: 1 marcada como Pronto debido a la reserva ID: 8.
2025-05-06 16:38:06.9913 TRACE Restaurant_SAP.ViewModels.MesasViewModel - Método ActualizarEstadoMesa llamado para la mesa ID: 1 con el nuevo estado: Pronto.
2025-05-06 16:38:06.9913 DEBUG Restaurant_SAP.ViewModels.MesasViewModel - Estado anterior de la mesa ID: 1: Libre.
2025-05-06 16:38:07.0105 INFO Restaurant_SAP.ViewModels.MesasViewModel - Estado de la mesa ID: 1 actualizado a: Pronto.
2025-05-06 16:38:07.0105 DEBUG Restaurant_SAP.ViewModels.MapaMesasViewModel - La propiedad Mesas ha cambiado en MesasViewModel. Notificando cambios.
2025-05-06 16:38:07.0105 DEBUG Restaurant_SAP.ViewModels.MesasViewModel - La colección de mesas ha cambiado. Acción: Reset.
2025-05-06 16:38:07.0105 DEBUG Restaurant_SAP.ViewModels.MapaMesasViewModel - La colección de mesas del mapa ha cambiado. Acción: Reset.
2025-05-06 16:38:07.0105 DEBUG Restaurant_SAP.ViewModels.ReservasViewModel - La colección de mesas ha cambiado. Acción: Reset.
2025-05-06 16:38:07.0105 DEBUG Restaurant_SAP.ViewModels.ReservasViewModel - Mesa seleccionada cambiada. Nueva mesa: 
2025-05-06 16:38:07.0210 DEBUG Restaurant_SAP.ViewModels.ReservasViewModel - Reserva en edición cambiada. Nueva reserva: 
2025-05-06 16:38:07.0210 TRACE Restaurant_SAP.ViewModels.ReservasViewModel - CanGuardarCambiosReserva llamado. Retornando: False.
2025-05-06 16:38:07.0210 TRACE Restaurant_SAP.ViewModels.ReservasViewModel - CanEliminarReserva llamado. Retornando: False.
2025-05-06 16:38:07.0210 TRACE Restaurant_SAP.ViewModels.ReservasViewModel - Cargando reservas...
2025-05-06 16:38:07.0210 INFO Restaurant_SAP.ViewModels.ReservasViewModel - No se seleccionó ninguna mesa. No se cargaron reservas.
2025-05-06 16:38:07.0210 TRACE Restaurant_SAP.ViewModels.ReservasViewModel - CanAgregarReserva llamado. Retornando: true.
2025-05-06 16:38:07.0210 TRACE Restaurant_SAP.ViewModels.MesasViewModel - Cargando mesas desde la base de datos...
2025-05-06 16:38:07.0210 DEBUG Restaurant_SAP.ViewModels.MapaMesasViewModel - La propiedad Mesas ha cambiado en MesasViewModel. Notificando cambios.
2025-05-06 16:38:07.0210 DEBUG Restaurant_SAP.ViewModels.MesasViewModel - La colección de mesas ha cambiado. Acción: Add.
2025-05-06 16:38:07.0210 DEBUG Restaurant_SAP.ViewModels.MapaMesasViewModel - La colección de mesas del mapa ha cambiado. Acción: Add.
2025-05-06 16:38:07.0210 DEBUG Restaurant_SAP.ViewModels.ReservasViewModel - La colección de mesas ha cambiado. Acción: Add.
2025-05-06 16:38:07.0210 DEBUG Restaurant_SAP.ViewModels.MapaMesasViewModel - La propiedad Mesas ha cambiado en MesasViewModel. Notificando cambios.
2025-05-06 16:38:07.0210 DEBUG Restaurant_SAP.ViewModels.MesasViewModel - La colección de mesas ha cambiado. Acción: Add.
2025-05-06 16:38:07.0210 DEBUG Restaurant_SAP.ViewModels.MapaMesasViewModel - La colección de mesas del mapa ha cambiado. Acción: Add.
2025-05-06 16:38:07.0210 DEBUG Restaurant_SAP.ViewModels.ReservasViewModel - La colección de mesas ha cambiado. Acción: Add.
2025-05-06 16:38:07.0210 DEBUG Restaurant_SAP.ViewModels.MapaMesasViewModel - La propiedad Mesas ha cambiado en MesasViewModel. Notificando cambios.
2025-05-06 16:38:07.0210 DEBUG Restaurant_SAP.ViewModels.MesasViewModel - La colección de mesas ha cambiado. Acción: Add.
2025-05-06 16:38:07.0210 DEBUG Restaurant_SAP.ViewModels.MapaMesasViewModel - La colección de mesas del mapa ha cambiado. Acción: Add.
2025-05-06 16:38:07.0210 DEBUG Restaurant_SAP.ViewModels.ReservasViewModel - La colección de mesas ha cambiado. Acción: Add.
2025-05-06 16:38:07.0351 DEBUG Restaurant_SAP.ViewModels.MapaMesasViewModel - La propiedad Mesas ha cambiado en MesasViewModel. Notificando cambios.
2025-05-06 16:38:07.0351 DEBUG Restaurant_SAP.ViewModels.MesasViewModel - La colección de mesas ha cambiado. Acción: Add.
2025-05-06 16:38:07.0351 DEBUG Restaurant_SAP.ViewModels.MapaMesasViewModel - La colección de mesas del mapa ha cambiado. Acción: Add.
2025-05-06 16:38:07.0351 DEBUG Restaurant_SAP.ViewModels.ReservasViewModel - La colección de mesas ha cambiado. Acción: Add.
2025-05-06 16:38:07.0351 DEBUG Restaurant_SAP.ViewModels.MapaMesasViewModel - La propiedad Mesas ha cambiado en MesasViewModel. Notificando cambios.
2025-05-06 16:38:07.0351 DEBUG Restaurant_SAP.ViewModels.MesasViewModel - La colección de mesas ha cambiado. Acción: Add.
2025-05-06 16:38:07.0351 DEBUG Restaurant_SAP.ViewModels.MapaMesasViewModel - La colección de mesas del mapa ha cambiado. Acción: Add.
2025-05-06 16:38:07.0351 DEBUG Restaurant_SAP.ViewModels.ReservasViewModel - La colección de mesas ha cambiado. Acción: Add.
2025-05-06 16:38:07.0351 DEBUG Restaurant_SAP.ViewModels.MapaMesasViewModel - La propiedad Mesas ha cambiado en MesasViewModel. Notificando cambios.
2025-05-06 16:38:07.0351 DEBUG Restaurant_SAP.ViewModels.MesasViewModel - La colección de mesas ha cambiado. Acción: Add.
2025-05-06 16:38:07.0351 DEBUG Restaurant_SAP.ViewModels.MapaMesasViewModel - La colección de mesas del mapa ha cambiado. Acción: Add.
2025-05-06 16:38:07.0351 DEBUG Restaurant_SAP.ViewModels.ReservasViewModel - La colección de mesas ha cambiado. Acción: Add.
2025-05-06 16:38:07.0351 DEBUG Restaurant_SAP.ViewModels.MapaMesasViewModel - La propiedad Mesas ha cambiado en MesasViewModel. Notificando cambios.
2025-05-06 16:38:07.0351 DEBUG Restaurant_SAP.ViewModels.MesasViewModel - La colección de mesas ha cambiado. Acción: Add.
2025-05-06 16:38:07.0351 DEBUG Restaurant_SAP.ViewModels.MapaMesasViewModel - La colección de mesas del mapa ha cambiado. Acción: Add.
2025-05-06 16:38:07.0351 DEBUG Restaurant_SAP.ViewModels.ReservasViewModel - La colección de mesas ha cambiado. Acción: Add.
2025-05-06 16:38:07.0351 DEBUG Restaurant_SAP.ViewModels.MapaMesasViewModel - La propiedad Mesas ha cambiado en MesasViewModel. Notificando cambios.
2025-05-06 16:38:07.0351 DEBUG Restaurant_SAP.ViewModels.MesasViewModel - La colección de mesas ha cambiado. Acción: Add.
2025-05-06 16:38:07.0351 DEBUG Restaurant_SAP.ViewModels.MapaMesasViewModel - La colección de mesas del mapa ha cambiado. Acción: Add.
2025-05-06 16:38:07.0351 DEBUG Restaurant_SAP.ViewModels.ReservasViewModel - La colección de mesas ha cambiado. Acción: Add.
2025-05-06 16:38:07.0351 DEBUG Restaurant_SAP.ViewModels.MapaMesasViewModel - La propiedad Mesas ha cambiado en MesasViewModel. Notificando cambios.
2025-05-06 16:38:07.0351 DEBUG Restaurant_SAP.ViewModels.MesasViewModel - La colección de mesas ha cambiado. Acción: Add.
2025-05-06 16:38:07.0351 DEBUG Restaurant_SAP.ViewModels.MapaMesasViewModel - La colección de mesas del mapa ha cambiado. Acción: Add.
2025-05-06 16:38:07.0351 DEBUG Restaurant_SAP.ViewModels.ReservasViewModel - La colección de mesas ha cambiado. Acción: Add.
2025-05-06 16:38:07.0351 DEBUG Restaurant_SAP.ViewModels.MapaMesasViewModel - La propiedad Mesas ha cambiado en MesasViewModel. Notificando cambios.
2025-05-06 16:38:07.0351 DEBUG Restaurant_SAP.ViewModels.MesasViewModel - La colección de mesas ha cambiado. Acción: Add.
2025-05-06 16:38:07.0507 DEBUG Restaurant_SAP.ViewModels.MapaMesasViewModel - La colección de mesas del mapa ha cambiado. Acción: Add.
2025-05-06 16:38:07.0507 DEBUG Restaurant_SAP.ViewModels.ReservasViewModel - La colección de mesas ha cambiado. Acción: Add.
2025-05-06 16:38:07.0507 DEBUG Restaurant_SAP.ViewModels.MapaMesasViewModel - La propiedad Mesas ha cambiado en MesasViewModel. Notificando cambios.
2025-05-06 16:38:07.0507 DEBUG Restaurant_SAP.ViewModels.MesasViewModel - La colección de mesas ha cambiado. Acción: Add.
2025-05-06 16:38:07.0507 DEBUG Restaurant_SAP.ViewModels.MapaMesasViewModel - La colección de mesas del mapa ha cambiado. Acción: Add.
2025-05-06 16:38:07.0507 DEBUG Restaurant_SAP.ViewModels.ReservasViewModel - La colección de mesas ha cambiado. Acción: Add.
2025-05-06 16:38:07.0507 DEBUG Restaurant_SAP.ViewModels.MapaMesasViewModel - La propiedad Mesas ha cambiado en MesasViewModel. Notificando cambios.
2025-05-06 16:38:07.0507 DEBUG Restaurant_SAP.ViewModels.MesasViewModel - La colección de mesas ha cambiado. Acción: Add.
2025-05-06 16:38:07.0507 DEBUG Restaurant_SAP.ViewModels.MapaMesasViewModel - La colección de mesas del mapa ha cambiado. Acción: Add.
2025-05-06 16:38:07.0507 DEBUG Restaurant_SAP.ViewModels.ReservasViewModel - La colección de mesas ha cambiado. Acción: Add.
2025-05-06 16:38:07.0507 DEBUG Restaurant_SAP.ViewModels.MapaMesasViewModel - La propiedad Mesas ha cambiado en MesasViewModel. Notificando cambios.
2025-05-06 16:38:07.0507 DEBUG Restaurant_SAP.ViewModels.MesasViewModel - La colección de mesas ha cambiado. Acción: Add.
2025-05-06 16:38:07.0507 DEBUG Restaurant_SAP.ViewModels.MapaMesasViewModel - La colección de mesas del mapa ha cambiado. Acción: Add.
2025-05-06 16:38:07.0507 DEBUG Restaurant_SAP.ViewModels.ReservasViewModel - La colección de mesas ha cambiado. Acción: Add.
2025-05-06 16:38:07.0507 DEBUG Restaurant_SAP.ViewModels.MapaMesasViewModel - La propiedad Mesas ha cambiado en MesasViewModel. Notificando cambios.
2025-05-06 16:38:07.0507 DEBUG Restaurant_SAP.ViewModels.MesasViewModel - La colección de mesas ha cambiado. Acción: Add.
2025-05-06 16:38:07.0507 DEBUG Restaurant_SAP.ViewModels.MapaMesasViewModel - La colección de mesas del mapa ha cambiado. Acción: Add.
2025-05-06 16:38:07.0507 DEBUG Restaurant_SAP.ViewModels.ReservasViewModel - La colección de mesas ha cambiado. Acción: Add.
2025-05-06 16:38:07.0507 INFO Restaurant_SAP.ViewModels.MesasViewModel - Se cargaron 14 mesas desde la base de datos.
2025-05-06 16:38:07.0507 DEBUG Restaurant_SAP.ViewModels.MapaMesasViewModel - La propiedad Mesas ha cambiado en MesasViewModel. Notificando cambios.
2025-05-06 16:38:07.0507 TRACE Restaurant_SAP.ViewModels.MesasViewModel - Método ActualizarEstadoMesa completado.
2025-05-06 16:38:07.0507 TRACE Restaurant_SAP.ViewModels.MesasViewModel - Método VerificarReservas completado.
2025-05-06 16:38:18.9050 TRACE Restaurant_SAP.ViewModels.HistorialEconomicoViewModel - Cargando menús y mesas para los filtros.
2025-05-06 16:38:18.9050 DEBUG Restaurant_SAP.ViewModels.HistorialEconomicoViewModel - Menú seleccionado para el filtro: Todos.
2025-05-06 16:38:18.9173 INFO Restaurant_SAP.ViewModels.HistorialEconomicoViewModel - Se cargaron 9 menús para el filtro.
2025-05-06 16:38:18.9173 DEBUG Restaurant_SAP.ViewModels.HistorialEconomicoViewModel - Mesa seleccionada para el filtro: Todos.
2025-05-06 16:38:18.9270 INFO Restaurant_SAP.ViewModels.HistorialEconomicoViewModel - Se cargaron 14 mesas para el filtro.
2025-05-06 16:38:18.9270 DEBUG Restaurant_SAP.ViewModels.HistorialEconomicoViewModel - Total económico actualizado: 0.
2025-05-06 16:38:18.9270 DEBUG Restaurant_SAP.ViewModels.HistorialEconomicoViewModel - Pedidos y total inicializados/limpiados.
2025-05-06 16:38:18.9270 DEBUG Restaurant_SAP.ViewModels.HistorialEconomicoViewModel - Mesa seleccionada para el filtro: Todos.
2025-05-06 16:38:18.9270 DEBUG Restaurant_SAP.ViewModels.HistorialEconomicoViewModel - Menú seleccionado para el filtro: Todos.
2025-05-06 16:38:18.9270 DEBUG Restaurant_SAP.ViewModels.HistorialEconomicoViewModel - Filtros de mesa y menú establecidos en 'Todos' inicialmente.
2025-05-06 16:38:18.9270 TRACE Restaurant_SAP.ViewModels.HistorialEconomicoViewModel - Carga de menús y mesas completada.
2025-05-06 16:38:20.5377 TRACE Restaurant_SAP.ViewModels.HistorialEconomicoViewModel - Método BuscarPedidos llamado.
2025-05-06 16:38:20.5377 DEBUG Restaurant_SAP.ViewModels.HistorialEconomicoViewModel - Iniciando búsqueda de pedidos pagados.
2025-05-06 16:38:20.5377 DEBUG Restaurant_SAP.ViewModels.HistorialEconomicoViewModel - Colección de pedidos para el historial actualizada. Nuevo conteo: 19.
2025-05-06 16:38:20.5504 DEBUG Restaurant_SAP.ViewModels.HistorialEconomicoViewModel - Total económico actualizado: 292.
2025-05-06 16:38:20.5504 INFO Restaurant_SAP.ViewModels.HistorialEconomicoViewModel - Se encontraron 19 pedidos con los criterios de búsqueda. Total: 292.
2025-05-06 16:38:20.5504 TRACE Restaurant_SAP.ViewModels.HistorialEconomicoViewModel - Método BuscarPedidos completado.
2025-05-06 16:38:38.0946 TRACE Restaurant_SAP.ViewModels.HistorialEconomicoViewModel - Cargando menús y mesas para los filtros.
2025-05-06 16:38:38.0946 DEBUG Restaurant_SAP.ViewModels.HistorialEconomicoViewModel - Menú seleccionado para el filtro: Todos.
2025-05-06 16:38:38.0988 INFO Restaurant_SAP.ViewModels.HistorialEconomicoViewModel - Se cargaron 9 menús para el filtro.
2025-05-06 16:38:38.0988 DEBUG Restaurant_SAP.ViewModels.HistorialEconomicoViewModel - Mesa seleccionada para el filtro: Todos.
2025-05-06 16:38:38.0988 INFO Restaurant_SAP.ViewModels.HistorialEconomicoViewModel - Se cargaron 14 mesas para el filtro.
2025-05-06 16:38:38.0988 DEBUG Restaurant_SAP.ViewModels.HistorialEconomicoViewModel - Total económico actualizado: 0.
2025-05-06 16:38:38.0988 DEBUG Restaurant_SAP.ViewModels.HistorialEconomicoViewModel - Pedidos y total inicializados/limpiados.
2025-05-06 16:38:38.0988 DEBUG Restaurant_SAP.ViewModels.HistorialEconomicoViewModel - Mesa seleccionada para el filtro: Todos.
2025-05-06 16:38:38.0988 DEBUG Restaurant_SAP.ViewModels.HistorialEconomicoViewModel - Menú seleccionado para el filtro: Todos.
2025-05-06 16:38:38.0988 DEBUG Restaurant_SAP.ViewModels.HistorialEconomicoViewModel - Filtros de mesa y menú establecidos en 'Todos' inicialmente.
2025-05-06 16:38:38.0988 TRACE Restaurant_SAP.ViewModels.HistorialEconomicoViewModel - Carga de menús y mesas completada.
2025-05-06 16:38:41.3160 DEBUG Restaurant_SAP.ViewModels.HistorialEconomicoViewModel - Mesa seleccionada para el filtro: Mesa 10 Grande 1.
2025-05-06 16:38:42.1654 TRACE Restaurant_SAP.ViewModels.HistorialEconomicoViewModel - Método BuscarPedidos llamado.
2025-05-06 16:38:42.1654 DEBUG Restaurant_SAP.ViewModels.HistorialEconomicoViewModel - Iniciando búsqueda de pedidos pagados.
2025-05-06 16:38:42.1654 DEBUG Restaurant_SAP.ViewModels.HistorialEconomicoViewModel - Filtrando por Mesa ID: 30.
2025-05-06 16:38:42.1654 DEBUG Restaurant_SAP.ViewModels.HistorialEconomicoViewModel - Colección de pedidos para el historial actualizada. Nuevo conteo: 0.
2025-05-06 16:38:42.1817 DEBUG Restaurant_SAP.ViewModels.HistorialEconomicoViewModel - Total económico actualizado: 0.
2025-05-06 16:38:42.1817 INFO Restaurant_SAP.ViewModels.HistorialEconomicoViewModel - Se encontraron 0 pedidos con los criterios de búsqueda. Total: 0.
2025-05-06 16:38:42.1817 TRACE Restaurant_SAP.ViewModels.HistorialEconomicoViewModel - Método BuscarPedidos completado.
2025-05-06 16:38:48.9883 TRACE Restaurant_SAP.ViewModels.HistorialEconomicoViewModel - Cargando menús y mesas para los filtros.
2025-05-06 16:38:48.9904 DEBUG Restaurant_SAP.ViewModels.HistorialEconomicoViewModel - Menú seleccionado para el filtro: Todos.
2025-05-06 16:38:48.9904 INFO Restaurant_SAP.ViewModels.HistorialEconomicoViewModel - Se cargaron 9 menús para el filtro.
2025-05-06 16:38:48.9904 DEBUG Restaurant_SAP.ViewModels.HistorialEconomicoViewModel - Mesa seleccionada para el filtro: Todos.
2025-05-06 16:38:48.9904 INFO Restaurant_SAP.ViewModels.HistorialEconomicoViewModel - Se cargaron 14 mesas para el filtro.
2025-05-06 16:38:49.0045 DEBUG Restaurant_SAP.ViewModels.HistorialEconomicoViewModel - Total económico actualizado: 0.
2025-05-06 16:38:49.0045 DEBUG Restaurant_SAP.ViewModels.HistorialEconomicoViewModel - Pedidos y total inicializados/limpiados.
2025-05-06 16:38:49.0045 DEBUG Restaurant_SAP.ViewModels.HistorialEconomicoViewModel - Mesa seleccionada para el filtro: Todos.
2025-05-06 16:38:49.0045 DEBUG Restaurant_SAP.ViewModels.HistorialEconomicoViewModel - Menú seleccionado para el filtro: Todos.
2025-05-06 16:38:49.0045 DEBUG Restaurant_SAP.ViewModels.HistorialEconomicoViewModel - Filtros de mesa y menú establecidos en 'Todos' inicialmente.
2025-05-06 16:38:49.0045 TRACE Restaurant_SAP.ViewModels.HistorialEconomicoViewModel - Carga de menús y mesas completada.
2025-05-06 16:38:50.0408 TRACE Restaurant_SAP.ViewModels.HistorialEconomicoViewModel - Método BuscarPedidos llamado.
2025-05-06 16:38:50.0408 DEBUG Restaurant_SAP.ViewModels.HistorialEconomicoViewModel - Iniciando búsqueda de pedidos pagados.
2025-05-06 16:38:50.0408 DEBUG Restaurant_SAP.ViewModels.HistorialEconomicoViewModel - Colección de pedidos para el historial actualizada. Nuevo conteo: 24.
2025-05-06 16:38:50.0408 DEBUG Restaurant_SAP.ViewModels.HistorialEconomicoViewModel - Total económico actualizado: 378,34.
2025-05-06 16:38:50.0408 INFO Restaurant_SAP.ViewModels.HistorialEconomicoViewModel - Se encontraron 24 pedidos con los criterios de búsqueda. Total: 378,34.
2025-05-06 16:38:50.0408 TRACE Restaurant_SAP.ViewModels.HistorialEconomicoViewModel - Método BuscarPedidos completado.
2025-05-06 16:38:52.2723 DEBUG Restaurant_SAP.ViewModels.HistorialEconomicoViewModel - Mesa seleccionada para el filtro: Mesa 10 Grande 1.
2025-05-06 16:38:53.1911 TRACE Restaurant_SAP.ViewModels.HistorialEconomicoViewModel - Método BuscarPedidos llamado.
2025-05-06 16:38:53.1911 DEBUG Restaurant_SAP.ViewModels.HistorialEconomicoViewModel - Iniciando búsqueda de pedidos pagados.
2025-05-06 16:38:53.1911 DEBUG Restaurant_SAP.ViewModels.HistorialEconomicoViewModel - Filtrando por Mesa ID: 30.
2025-05-06 16:38:53.1911 DEBUG Restaurant_SAP.ViewModels.HistorialEconomicoViewModel - Colección de pedidos para el historial actualizada. Nuevo conteo: 5.
2025-05-06 16:38:53.1911 DEBUG Restaurant_SAP.ViewModels.HistorialEconomicoViewModel - Total económico actualizado: 86,34.
2025-05-06 16:38:53.1911 INFO Restaurant_SAP.ViewModels.HistorialEconomicoViewModel - Se encontraron 5 pedidos con los criterios de búsqueda. Total: 86,34.
2025-05-06 16:38:53.1911 TRACE Restaurant_SAP.ViewModels.HistorialEconomicoViewModel - Método BuscarPedidos completado.
2025-05-06 16:39:07.0540 TRACE Restaurant_SAP.ViewModels.MesasViewModel - Método VerificarReservas llamado por el timer.
2025-05-06 16:39:07.0540 DEBUG Restaurant_SAP.ViewModels.MesasViewModel - Verificando el estado de las mesas para reservas próximas a las: 6/5/2025 16:39:07.
2025-05-06 16:39:07.0722 DEBUG Restaurant_SAP.ViewModels.MesasViewModel - Se encontraron 1 reservas activas.
2025-05-06 16:39:07.0722 DEBUG Restaurant_SAP.ViewModels.MesasViewModel - Verificando reserva ID: 8, Mesa ID: 1, Inicio: 6/5/2025 16:40:05, Fin: 6/5/2025 16:45:05, Estado actual de la mesa: Pronto.
2025-05-06 16:39:07.0722 TRACE Restaurant_SAP.ViewModels.MesasViewModel - Método VerificarReservas completado.
2025-05-06 16:39:32.4173 INFO Restaurant_SAP.ViewModels.MapaMesasViewModel - Mesa seleccionada desde el mapa: 10 (ID: 30).
2025-05-06 16:39:32.4173 ERROR Restaurant_SAP.ViewModels.MapaMesasViewModel - No se pudo acceder al ViewModelLocator desde el DataContext del MainWindow.
2025-05-06 16:39:53.5357 TRACE Restaurant_SAP.ViewModels.ConfiguracionViewModel - Método AbrirModal llamado.
2025-05-06 16:39:53.5523 DEBUG Restaurant_SAP.ViewModels.ConfiguracionViewModel - IsModalAbierto ahora es: True.
2025-05-06 16:40:00.5365 TRACE Restaurant_SAP.ViewModels.ConfiguracionViewModel - Método GuardarIdioma llamado.
2025-05-06 16:40:00.5365 DEBUG Restaurant_SAP.ViewModels.ConfiguracionViewModel - Idioma seleccionado para guardar: 'en-US'.
2025-05-06 16:40:00.5365 DEBUG Restaurant_SAP.ViewModels.ConfiguracionViewModel - Idioma guardado actualmente en la configuración: ''.
2025-05-06 16:40:00.5365 INFO Restaurant_SAP.ViewModels.ConfiguracionViewModel - El idioma ha cambiado de '' a 'en-US'. Guardando configuración y reiniciando la aplicación.
2025-05-06 16:40:00.5842 DEBUG Restaurant_SAP.ViewModels.ConfiguracionViewModel - Nuevo idioma 'en-US' guardado en la configuración.
2025-05-06 16:40:05.3699 INFO Restaurant_SAP.ViewModels.ConfiguracionViewModel - Iniciando nuevo proceso: 'C:\Users\REENE\OneDrive\Documentos\Master Desarrollo\Progra Escritorio\ProyectoFinal\ProyectoFinalEscritorio\Restaurant_SAP\Restaurant_SAP\bin\Debug\net7.0-windows\Restaurant_SAP.exe'.
2025-05-06 16:40:05.4077 INFO Restaurant_SAP.ViewModels.ConfiguracionViewModel - Aplicación actual cerrándose.
2025-05-06 16:40:05.4077 TRACE Restaurant_SAP.ViewModels.ConfiguracionViewModel - Método CerrarModal llamado.
2025-05-06 16:40:05.4077 DEBUG Restaurant_SAP.ViewModels.ConfiguracionViewModel - IsModalAbierto ahora es: False.
2025-05-06 16:40:05.4104 TRACE Restaurant_SAP.ViewModels.ConfiguracionViewModel - Método GuardarIdioma completado.
2025-05-06 16:40:05.8304 INFO Restaurant_SAP.App - NLog inicializado.
2025-05-06 16:40:07.1059 TRACE Restaurant_SAP.ViewModels.MesasViewModel - Constructor MesasViewModel llamado.
2025-05-06 16:40:07.1059 DEBUG Restaurant_SAP.ViewModels.MesasViewModel - La colección de mesas ha sido actualizada. Nuevo conteo: 0
2025-05-06 16:40:07.1059 DEBUG Restaurant_SAP.ViewModels.MesasViewModel - La colección de mesas ha cambiado. Acción: Reset.
2025-05-06 16:40:07.1059 TRACE Restaurant_SAP.ViewModels.MesasViewModel - Cargando mesas desde la base de datos...
2025-05-06 16:40:07.9978 DEBUG Restaurant_SAP.ViewModels.MesasViewModel - La colección de mesas ha cambiado. Acción: Add.
2025-05-06 16:40:07.9978 DEBUG Restaurant_SAP.ViewModels.MesasViewModel - La colección de mesas ha cambiado. Acción: Add.
2025-05-06 16:40:07.9978 DEBUG Restaurant_SAP.ViewModels.MesasViewModel - La colección de mesas ha cambiado. Acción: Add.
2025-05-06 16:40:07.9978 DEBUG Restaurant_SAP.ViewModels.MesasViewModel - La colección de mesas ha cambiado. Acción: Add.
2025-05-06 16:40:07.9978 DEBUG Restaurant_SAP.ViewModels.MesasViewModel - La colección de mesas ha cambiado. Acción: Add.
2025-05-06 16:40:07.9978 DEBUG Restaurant_SAP.ViewModels.MesasViewModel - La colección de mesas ha cambiado. Acción: Add.
2025-05-06 16:40:07.9978 DEBUG Restaurant_SAP.ViewModels.MesasViewModel - La colección de mesas ha cambiado. Acción: Add.
2025-05-06 16:40:07.9978 DEBUG Restaurant_SAP.ViewModels.MesasViewModel - La colección de mesas ha cambiado. Acción: Add.
2025-05-06 16:40:08.0042 DEBUG Restaurant_SAP.ViewModels.MesasViewModel - La colección de mesas ha cambiado. Acción: Add.
2025-05-06 16:40:08.0042 DEBUG Restaurant_SAP.ViewModels.MesasViewModel - La colección de mesas ha cambiado. Acción: Add.
2025-05-06 16:40:08.0042 DEBUG Restaurant_SAP.ViewModels.MesasViewModel - La colección de mesas ha cambiado. Acción: Add.
2025-05-06 16:40:08.0042 DEBUG Restaurant_SAP.ViewModels.MesasViewModel - La colección de mesas ha cambiado. Acción: Add.
2025-05-06 16:40:08.0042 DEBUG Restaurant_SAP.ViewModels.MesasViewModel - La colección de mesas ha cambiado. Acción: Add.
2025-05-06 16:40:08.0042 DEBUG Restaurant_SAP.ViewModels.MesasViewModel - La colección de mesas ha cambiado. Acción: Add.
2025-05-06 16:40:08.0042 INFO Restaurant_SAP.ViewModels.MesasViewModel - Se cargaron 14 mesas desde la base de datos.
2025-05-06 16:40:08.0042 TRACE Restaurant_SAP.ViewModels.MesasViewModel - Método IniciarTimer llamado.
2025-05-06 16:40:08.0042 INFO Restaurant_SAP.ViewModels.MesasViewModel - Timer para verificar reservas iniciado con intervalo de 1 minuto.
2025-05-06 16:40:08.0042 DEBUG Restaurant_SAP.ViewModels.MesasViewModel - MesasViewModel inicializado con contexto: Restaurant_SAP.DB.RestauranteContext.
2025-05-06 16:40:08.0042 TRACE Restaurant_SAP.ViewModels.MenusViewModel - Constructor MenusViewModel llamado.
2025-05-06 16:40:08.0042 DEBUG Restaurant_SAP.ViewModels.MenusViewModel - La colección de menús ha sido actualizada. Nuevo conteo: 0
2025-05-06 16:40:08.0042 DEBUG Restaurant_SAP.ViewModels.MenusViewModel - La colección de menús ha cambiado. Acción: Reset.
2025-05-06 16:40:08.0042 TRACE Restaurant_SAP.ViewModels.MenusViewModel - Cargando menús desde la base de datos...
2025-05-06 16:40:08.0527 DEBUG Restaurant_SAP.ViewModels.MenusViewModel - La colección de menús ha cambiado. Acción: Add.
2025-05-06 16:40:08.0527 DEBUG Restaurant_SAP.ViewModels.MenusViewModel - La colección de menús ha cambiado. Acción: Add.
2025-05-06 16:40:08.0527 DEBUG Restaurant_SAP.ViewModels.MenusViewModel - La colección de menús ha cambiado. Acción: Add.
2025-05-06 16:40:08.0527 DEBUG Restaurant_SAP.ViewModels.MenusViewModel - La colección de menús ha cambiado. Acción: Add.
2025-05-06 16:40:08.0527 DEBUG Restaurant_SAP.ViewModels.MenusViewModel - La colección de menús ha cambiado. Acción: Add.
2025-05-06 16:40:08.0527 DEBUG Restaurant_SAP.ViewModels.MenusViewModel - La colección de menús ha cambiado. Acción: Add.
2025-05-06 16:40:08.0527 DEBUG Restaurant_SAP.ViewModels.MenusViewModel - La colección de menús ha cambiado. Acción: Add.
2025-05-06 16:40:08.0661 DEBUG Restaurant_SAP.ViewModels.MenusViewModel - La colección de menús ha cambiado. Acción: Add.
2025-05-06 16:40:08.0661 DEBUG Restaurant_SAP.ViewModels.MenusViewModel - La colección de menús ha cambiado. Acción: Add.
2025-05-06 16:40:08.0661 INFO Restaurant_SAP.ViewModels.MenusViewModel - Se cargaron 9 menús desde la base de datos.
2025-05-06 16:40:08.0661 DEBUG Restaurant_SAP.ViewModels.MenusViewModel - MenusViewModel inicializado con contexto: Restaurant_SAP.DB.RestauranteContext.
2025-05-06 16:40:08.0661 TRACE Restaurant_SAP.ViewModels.MapaMesasViewModel - Constructor MapaMesasViewModel llamado.
2025-05-06 16:40:08.0661 DEBUG Restaurant_SAP.ViewModels.MapaMesasViewModel - Colección de mesas para el mapa actualizada. Nuevo conteo: 14.
2025-05-06 16:40:08.0661 DEBUG Restaurant_SAP.ViewModels.MapaMesasViewModel - Cantidad de mesas en el mapa: 14.
2025-05-06 16:40:08.0661 DEBUG Restaurant_SAP.ViewModels.MapaMesasViewModel - Suscrito al evento PropertyChanged de MesasViewModel.
2025-05-06 16:40:08.0661 TRACE Restaurant_SAP.ViewModels.ReservasViewModel - Constructor ReservasViewModel llamado.
2025-05-06 16:40:08.0661 DEBUG Restaurant_SAP.ViewModels.ReservasViewModel - Reserva en edición cambiada. Nueva reserva: 0
2025-05-06 16:40:08.0661 DEBUG Restaurant_SAP.ViewModels.ReservasViewModel - Reservas actualizadas. Nuevo conteo: 0
2025-05-06 16:40:08.0661 DEBUG Restaurant_SAP.ViewModels.ReservasViewModel - ReservasViewModel inicializado con contexto: Restaurant_SAP.DB.RestauranteContext, MesasViewModel: Restaurant_SAP.ViewModels.MesasViewModel.
2025-05-06 16:40:08.0661 TRACE Restaurant_SAP.ViewModels.ConfiguracionViewModel - Constructor ConfiguracionViewModel llamado.
2025-05-06 16:40:08.0895 DEBUG Restaurant_SAP.ViewModels.ConfiguracionViewModel - Idioma guardado al inicio: 'en-US'.
2025-05-06 16:40:08.0895 INFO Restaurant_SAP.ViewModels.ConfiguracionViewModel - Idioma seleccionado al inicio: 'en-US'.
2025-05-06 16:40:08.0895 TRACE Restaurant_SAP.ViewModels.HistorialEconomicoViewModel - Constructor HistorialEconomicoViewModel llamado.
2025-05-06 16:40:08.0895 DEBUG Restaurant_SAP.ViewModels.HistorialEconomicoViewModel - Colección de pedidos para el historial actualizada. Nuevo conteo: 0.
2025-05-06 16:40:08.0895 DEBUG Restaurant_SAP.ViewModels.HistorialEconomicoViewModel - Colección de menús cargada para el filtro. Conteo: 0.
2025-05-06 16:40:08.0895 DEBUG Restaurant_SAP.ViewModels.HistorialEconomicoViewModel - Colección de mesas cargada para el filtro. Conteo: 0.
2025-05-06 16:40:08.0895 TRACE Restaurant_SAP.ViewModels.HistorialEconomicoViewModel - Cargando menús y mesas para los filtros.
2025-05-06 16:40:08.1019 INFO Restaurant_SAP.ViewModels.HistorialEconomicoViewModel - Se cargaron 9 menús para el filtro.
2025-05-06 16:40:08.1019 INFO Restaurant_SAP.ViewModels.HistorialEconomicoViewModel - Se cargaron 14 mesas para el filtro.
2025-05-06 16:40:08.1019 DEBUG Restaurant_SAP.ViewModels.HistorialEconomicoViewModel - Total económico actualizado: 0.
2025-05-06 16:40:08.1019 DEBUG Restaurant_SAP.ViewModels.HistorialEconomicoViewModel - Pedidos y total inicializados/limpiados.
2025-05-06 16:40:08.1019 DEBUG Restaurant_SAP.ViewModels.HistorialEconomicoViewModel - Mesa seleccionada para el filtro: Todos.
2025-05-06 16:40:08.1019 DEBUG Restaurant_SAP.ViewModels.HistorialEconomicoViewModel - Menú seleccionado para el filtro: Todos.
2025-05-06 16:40:08.1019 DEBUG Restaurant_SAP.ViewModels.HistorialEconomicoViewModel - Filtros de mesa y menú establecidos en 'Todos' inicialmente.
2025-05-06 16:40:08.1019 TRACE Restaurant_SAP.ViewModels.HistorialEconomicoViewModel - Carga de menús y mesas completada.
2025-05-06 16:40:08.1019 DEBUG Restaurant_SAP.ViewModels.HistorialEconomicoViewModel - HistorialEconomicoViewModel inicializado con contexto: Restaurant_SAP.DB.RestauranteContext.
2025-05-06 16:40:08.6689 TRACE Restaurant_SAP.ViewModels.MesasViewModel - CanGuardarCambios llamado. Retornando: False.
2025-05-06 16:40:08.6689 TRACE Restaurant_SAP.ViewModels.MesasViewModel - CanEliminarMesa llamado. Retornando: False.
2025-05-06 16:40:08.6689 TRACE Restaurant_SAP.ViewModels.MesasViewModel - CanAgregarMesa llamado. Retornando: true.
2025-05-06 16:40:08.6689 TRACE Restaurant_SAP.ViewModels.ReservasViewModel - CanAgregarReserva llamado. Retornando: true.
2025-05-06 16:40:08.6689 TRACE Restaurant_SAP.ViewModels.ReservasViewModel - CanGuardarCambiosReserva llamado. Retornando: True.
2025-05-06 16:40:08.6832 TRACE Restaurant_SAP.ViewModels.ReservasViewModel - CanEliminarReserva llamado. Retornando: True.
2025-05-06 16:40:08.6832 TRACE Restaurant_SAP.ViewModels.MenusViewModel - CanGuardarCambios llamado. Retornando: False.
2025-05-06 16:40:08.6832 TRACE Restaurant_SAP.ViewModels.MenusViewModel - CanEliminarMenu llamado. Retornando: False.
2025-05-06 16:40:08.6832 TRACE Restaurant_SAP.ViewModels.MenusViewModel - CanAgregarMenu llamado. Retornando: true.
2025-05-06 16:41:08.0152 TRACE Restaurant_SAP.ViewModels.MesasViewModel - Método VerificarReservas llamado por el timer.
2025-05-06 16:41:08.0152 DEBUG Restaurant_SAP.ViewModels.MesasViewModel - Verificando el estado de las mesas para reservas próximas a las: 5/6/2025 4:41:08 PM.
2025-05-06 16:41:08.2448 DEBUG Restaurant_SAP.ViewModels.MesasViewModel - Se encontraron 1 reservas activas.
2025-05-06 16:41:08.2487 DEBUG Restaurant_SAP.ViewModels.MesasViewModel - Verificando reserva ID: 8, Mesa ID: 1, Inicio: 5/6/2025 4:40:05 PM, Fin: 5/6/2025 4:45:05 PM, Estado actual de la mesa: Pronto.
2025-05-06 16:41:08.2487 INFO Restaurant_SAP.ViewModels.MesasViewModel - Mesa ID: 1 marcada como Reservada debido a la reserva ID: 8.
2025-05-06 16:41:08.2487 TRACE Restaurant_SAP.ViewModels.MesasViewModel - Método ActualizarEstadoMesa llamado para la mesa ID: 1 con el nuevo estado: Reservada.
2025-05-06 16:41:08.2583 DEBUG Restaurant_SAP.ViewModels.MesasViewModel - Estado anterior de la mesa ID: 1: Pronto.
2025-05-06 16:41:08.3594 INFO Restaurant_SAP.ViewModels.MesasViewModel - Estado de la mesa ID: 1 actualizado a: Reservada.
2025-05-06 16:41:08.3594 DEBUG Restaurant_SAP.ViewModels.MapaMesasViewModel - La propiedad Mesas ha cambiado en MesasViewModel. Notificando cambios.
2025-05-06 16:41:08.3594 DEBUG Restaurant_SAP.ViewModels.MesasViewModel - La colección de mesas ha cambiado. Acción: Reset.
2025-05-06 16:41:08.3594 DEBUG Restaurant_SAP.ViewModels.MapaMesasViewModel - La colección de mesas del mapa ha cambiado. Acción: Reset.
2025-05-06 16:41:08.3594 DEBUG Restaurant_SAP.ViewModels.ReservasViewModel - La colección de mesas ha cambiado. Acción: Reset.
2025-05-06 16:41:08.3710 TRACE Restaurant_SAP.ViewModels.MesasViewModel - Cargando mesas desde la base de datos...
2025-05-06 16:41:08.3710 DEBUG Restaurant_SAP.ViewModels.MapaMesasViewModel - La propiedad Mesas ha cambiado en MesasViewModel. Notificando cambios.
2025-05-06 16:41:08.3710 DEBUG Restaurant_SAP.ViewModels.MesasViewModel - La colección de mesas ha cambiado. Acción: Add.
2025-05-06 16:41:08.3710 DEBUG Restaurant_SAP.ViewModels.MapaMesasViewModel - La colección de mesas del mapa ha cambiado. Acción: Add.
2025-05-06 16:41:08.3710 DEBUG Restaurant_SAP.ViewModels.ReservasViewModel - La colección de mesas ha cambiado. Acción: Add.
2025-05-06 16:41:08.3804 DEBUG Restaurant_SAP.ViewModels.MapaMesasViewModel - La propiedad Mesas ha cambiado en MesasViewModel. Notificando cambios.
2025-05-06 16:41:08.3804 DEBUG Restaurant_SAP.ViewModels.MesasViewModel - La colección de mesas ha cambiado. Acción: Add.
2025-05-06 16:41:08.3804 DEBUG Restaurant_SAP.ViewModels.MapaMesasViewModel - La colección de mesas del mapa ha cambiado. Acción: Add.
2025-05-06 16:41:08.3804 DEBUG Restaurant_SAP.ViewModels.ReservasViewModel - La colección de mesas ha cambiado. Acción: Add.
2025-05-06 16:41:08.3804 DEBUG Restaurant_SAP.ViewModels.MapaMesasViewModel - La propiedad Mesas ha cambiado en MesasViewModel. Notificando cambios.
2025-05-06 16:41:08.3804 DEBUG Restaurant_SAP.ViewModels.MesasViewModel - La colección de mesas ha cambiado. Acción: Add.
2025-05-06 16:41:08.3804 DEBUG Restaurant_SAP.ViewModels.MapaMesasViewModel - La colección de mesas del mapa ha cambiado. Acción: Add.
2025-05-06 16:41:08.3804 DEBUG Restaurant_SAP.ViewModels.ReservasViewModel - La colección de mesas ha cambiado. Acción: Add.
2025-05-06 16:41:08.3804 DEBUG Restaurant_SAP.ViewModels.MapaMesasViewModel - La propiedad Mesas ha cambiado en MesasViewModel. Notificando cambios.
2025-05-06 16:41:08.3804 DEBUG Restaurant_SAP.ViewModels.MesasViewModel - La colección de mesas ha cambiado. Acción: Add.
2025-05-06 16:41:08.3804 DEBUG Restaurant_SAP.ViewModels.MapaMesasViewModel - La colección de mesas del mapa ha cambiado. Acción: Add.
2025-05-06 16:41:08.3804 DEBUG Restaurant_SAP.ViewModels.ReservasViewModel - La colección de mesas ha cambiado. Acción: Add.
2025-05-06 16:41:08.3804 DEBUG Restaurant_SAP.ViewModels.MapaMesasViewModel - La propiedad Mesas ha cambiado en MesasViewModel. Notificando cambios.
2025-05-06 16:41:08.3961 DEBUG Restaurant_SAP.ViewModels.MesasViewModel - La colección de mesas ha cambiado. Acción: Add.
2025-05-06 16:41:08.3961 DEBUG Restaurant_SAP.ViewModels.MapaMesasViewModel - La colección de mesas del mapa ha cambiado. Acción: Add.
2025-05-06 16:41:08.3961 DEBUG Restaurant_SAP.ViewModels.ReservasViewModel - La colección de mesas ha cambiado. Acción: Add.
2025-05-06 16:41:08.3961 DEBUG Restaurant_SAP.ViewModels.MapaMesasViewModel - La propiedad Mesas ha cambiado en MesasViewModel. Notificando cambios.
2025-05-06 16:41:08.3961 DEBUG Restaurant_SAP.ViewModels.MesasViewModel - La colección de mesas ha cambiado. Acción: Add.
2025-05-06 16:41:08.3961 DEBUG Restaurant_SAP.ViewModels.MapaMesasViewModel - La colección de mesas del mapa ha cambiado. Acción: Add.
2025-05-06 16:41:08.3961 DEBUG Restaurant_SAP.ViewModels.ReservasViewModel - La colección de mesas ha cambiado. Acción: Add.
2025-05-06 16:41:08.3961 DEBUG Restaurant_SAP.ViewModels.MapaMesasViewModel - La propiedad Mesas ha cambiado en MesasViewModel. Notificando cambios.
2025-05-06 16:41:08.3961 DEBUG Restaurant_SAP.ViewModels.MesasViewModel - La colección de mesas ha cambiado. Acción: Add.
2025-05-06 16:41:08.3961 DEBUG Restaurant_SAP.ViewModels.MapaMesasViewModel - La colección de mesas del mapa ha cambiado. Acción: Add.
2025-05-06 16:41:08.3961 DEBUG Restaurant_SAP.ViewModels.ReservasViewModel - La colección de mesas ha cambiado. Acción: Add.
2025-05-06 16:41:08.3961 DEBUG Restaurant_SAP.ViewModels.MapaMesasViewModel - La propiedad Mesas ha cambiado en MesasViewModel. Notificando cambios.
2025-05-06 16:41:08.3961 DEBUG Restaurant_SAP.ViewModels.MesasViewModel - La colección de mesas ha cambiado. Acción: Add.
2025-05-06 16:41:08.3961 DEBUG Restaurant_SAP.ViewModels.MapaMesasViewModel - La colección de mesas del mapa ha cambiado. Acción: Add.
2025-05-06 16:41:08.3961 DEBUG Restaurant_SAP.ViewModels.ReservasViewModel - La colección de mesas ha cambiado. Acción: Add.
2025-05-06 16:41:08.3961 DEBUG Restaurant_SAP.ViewModels.MapaMesasViewModel - La propiedad Mesas ha cambiado en MesasViewModel. Notificando cambios.
2025-05-06 16:41:08.3961 DEBUG Restaurant_SAP.ViewModels.MesasViewModel - La colección de mesas ha cambiado. Acción: Add.
2025-05-06 16:41:08.3961 DEBUG Restaurant_SAP.ViewModels.MapaMesasViewModel - La colección de mesas del mapa ha cambiado. Acción: Add.
2025-05-06 16:41:08.3961 DEBUG Restaurant_SAP.ViewModels.ReservasViewModel - La colección de mesas ha cambiado. Acción: Add.
2025-05-06 16:41:08.3961 DEBUG Restaurant_SAP.ViewModels.MapaMesasViewModel - La propiedad Mesas ha cambiado en MesasViewModel. Notificando cambios.
2025-05-06 16:41:08.3961 DEBUG Restaurant_SAP.ViewModels.MesasViewModel - La colección de mesas ha cambiado. Acción: Add.
2025-05-06 16:41:08.4190 DEBUG Restaurant_SAP.ViewModels.MapaMesasViewModel - La colección de mesas del mapa ha cambiado. Acción: Add.
2025-05-06 16:41:08.4190 DEBUG Restaurant_SAP.ViewModels.ReservasViewModel - La colección de mesas ha cambiado. Acción: Add.
2025-05-06 16:41:08.4190 DEBUG Restaurant_SAP.ViewModels.MapaMesasViewModel - La propiedad Mesas ha cambiado en MesasViewModel. Notificando cambios.
2025-05-06 16:41:08.4190 DEBUG Restaurant_SAP.ViewModels.MesasViewModel - La colección de mesas ha cambiado. Acción: Add.
2025-05-06 16:41:08.4190 DEBUG Restaurant_SAP.ViewModels.MapaMesasViewModel - La colección de mesas del mapa ha cambiado. Acción: Add.
2025-05-06 16:41:08.4190 DEBUG Restaurant_SAP.ViewModels.ReservasViewModel - La colección de mesas ha cambiado. Acción: Add.
2025-05-06 16:41:08.4190 DEBUG Restaurant_SAP.ViewModels.MapaMesasViewModel - La propiedad Mesas ha cambiado en MesasViewModel. Notificando cambios.
2025-05-06 16:41:08.4276 DEBUG Restaurant_SAP.ViewModels.MesasViewModel - La colección de mesas ha cambiado. Acción: Add.
2025-05-06 16:41:08.4276 DEBUG Restaurant_SAP.ViewModels.MapaMesasViewModel - La colección de mesas del mapa ha cambiado. Acción: Add.
2025-05-06 16:41:08.4276 DEBUG Restaurant_SAP.ViewModels.ReservasViewModel - La colección de mesas ha cambiado. Acción: Add.
2025-05-06 16:41:08.4276 DEBUG Restaurant_SAP.ViewModels.MapaMesasViewModel - La propiedad Mesas ha cambiado en MesasViewModel. Notificando cambios.
2025-05-06 16:41:08.4276 DEBUG Restaurant_SAP.ViewModels.MesasViewModel - La colección de mesas ha cambiado. Acción: Add.
2025-05-06 16:41:08.4276 DEBUG Restaurant_SAP.ViewModels.MapaMesasViewModel - La colección de mesas del mapa ha cambiado. Acción: Add.
2025-05-06 16:41:08.4276 DEBUG Restaurant_SAP.ViewModels.ReservasViewModel - La colección de mesas ha cambiado. Acción: Add.
2025-05-06 16:41:08.4276 DEBUG Restaurant_SAP.ViewModels.MapaMesasViewModel - La propiedad Mesas ha cambiado en MesasViewModel. Notificando cambios.
2025-05-06 16:41:08.4276 DEBUG Restaurant_SAP.ViewModels.MesasViewModel - La colección de mesas ha cambiado. Acción: Add.
2025-05-06 16:41:08.4276 DEBUG Restaurant_SAP.ViewModels.MapaMesasViewModel - La colección de mesas del mapa ha cambiado. Acción: Add.
2025-05-06 16:41:08.4276 DEBUG Restaurant_SAP.ViewModels.ReservasViewModel - La colección de mesas ha cambiado. Acción: Add.
2025-05-06 16:41:08.4276 INFO Restaurant_SAP.ViewModels.MesasViewModel - Se cargaron 14 mesas desde la base de datos.
2025-05-06 16:41:08.4276 DEBUG Restaurant_SAP.ViewModels.MapaMesasViewModel - La propiedad Mesas ha cambiado en MesasViewModel. Notificando cambios.
2025-05-06 16:41:08.4276 TRACE Restaurant_SAP.ViewModels.MesasViewModel - Método ActualizarEstadoMesa completado.
2025-05-06 16:41:08.4276 TRACE Restaurant_SAP.ViewModels.MesasViewModel - Método VerificarReservas completado.
2025-05-06 16:42:08.4453 TRACE Restaurant_SAP.ViewModels.MesasViewModel - Método VerificarReservas llamado por el timer.
2025-05-06 16:42:08.4453 DEBUG Restaurant_SAP.ViewModels.MesasViewModel - Verificando el estado de las mesas para reservas próximas a las: 5/6/2025 4:42:08 PM.
2025-05-06 16:42:08.4657 DEBUG Restaurant_SAP.ViewModels.MesasViewModel - Se encontraron 1 reservas activas.
2025-05-06 16:42:08.4657 DEBUG Restaurant_SAP.ViewModels.MesasViewModel - Verificando reserva ID: 8, Mesa ID: 1, Inicio: 5/6/2025 4:40:05 PM, Fin: 5/6/2025 4:45:05 PM, Estado actual de la mesa: Reservada.
2025-05-06 16:42:08.4657 TRACE Restaurant_SAP.ViewModels.MesasViewModel - Método VerificarReservas completado.
2025-05-06 16:43:08.4690 TRACE Restaurant_SAP.ViewModels.MesasViewModel - Método VerificarReservas llamado por el timer.
2025-05-06 16:43:08.4690 DEBUG Restaurant_SAP.ViewModels.MesasViewModel - Verificando el estado de las mesas para reservas próximas a las: 5/6/2025 4:43:08 PM.
2025-05-06 16:43:08.4858 DEBUG Restaurant_SAP.ViewModels.MesasViewModel - Se encontraron 1 reservas activas.
2025-05-06 16:43:08.4858 DEBUG Restaurant_SAP.ViewModels.MesasViewModel - Verificando reserva ID: 8, Mesa ID: 1, Inicio: 5/6/2025 4:40:05 PM, Fin: 5/6/2025 4:45:05 PM, Estado actual de la mesa: Reservada.
2025-05-06 16:43:08.4858 TRACE Restaurant_SAP.ViewModels.MesasViewModel - Método VerificarReservas completado.
2025-05-06 16:44:08.4793 TRACE Restaurant_SAP.ViewModels.MesasViewModel - Método VerificarReservas llamado por el timer.
2025-05-06 16:44:08.4793 DEBUG Restaurant_SAP.ViewModels.MesasViewModel - Verificando el estado de las mesas para reservas próximas a las: 5/6/2025 4:44:08 PM.
2025-05-06 16:44:08.4969 DEBUG Restaurant_SAP.ViewModels.MesasViewModel - Se encontraron 1 reservas activas.
2025-05-06 16:44:08.4969 DEBUG Restaurant_SAP.ViewModels.MesasViewModel - Verificando reserva ID: 8, Mesa ID: 1, Inicio: 5/6/2025 4:40:05 PM, Fin: 5/6/2025 4:45:05 PM, Estado actual de la mesa: Reservada.
2025-05-06 16:44:08.4969 TRACE Restaurant_SAP.ViewModels.MesasViewModel - Método VerificarReservas completado.
2025-05-06 16:45:08.4926 TRACE Restaurant_SAP.ViewModels.MesasViewModel - Método VerificarReservas llamado por el timer.
2025-05-06 16:45:08.4926 DEBUG Restaurant_SAP.ViewModels.MesasViewModel - Verificando el estado de las mesas para reservas próximas a las: 5/6/2025 4:45:08 PM.
2025-05-06 16:45:08.4926 DEBUG Restaurant_SAP.ViewModels.MesasViewModel - Se encontraron 0 reservas activas.
2025-05-06 16:45:08.4926 TRACE Restaurant_SAP.ViewModels.MesasViewModel - Método VerificarReservas completado.
2025-05-06 16:46:08.5183 TRACE Restaurant_SAP.ViewModels.MesasViewModel - Método VerificarReservas llamado por el timer.
2025-05-06 16:46:08.5208 DEBUG Restaurant_SAP.ViewModels.MesasViewModel - Verificando el estado de las mesas para reservas próximas a las: 5/6/2025 4:46:08 PM.
2025-05-06 16:46:08.5208 DEBUG Restaurant_SAP.ViewModels.MesasViewModel - Se encontraron 0 reservas activas.
2025-05-06 16:46:08.5208 TRACE Restaurant_SAP.ViewModels.MesasViewModel - Método VerificarReservas completado.
2025-05-06 16:47:08.5438 TRACE Restaurant_SAP.ViewModels.MesasViewModel - Método VerificarReservas llamado por el timer.
2025-05-06 16:47:08.5784 DEBUG Restaurant_SAP.ViewModels.MesasViewModel - Verificando el estado de las mesas para reservas próximas a las: 5/6/2025 4:47:08 PM.
2025-05-06 16:47:08.5940 DEBUG Restaurant_SAP.ViewModels.MesasViewModel - Se encontraron 0 reservas activas.
2025-05-06 16:47:08.5940 TRACE Restaurant_SAP.ViewModels.MesasViewModel - Método VerificarReservas completado.
